Unnamed: 0,PAPER_ID,CONFERENCE_ID
0.0,adf914b04914a9b856e26c575c789ba19f9f118d,38e1b942-a62d-4d74-8e5d-677db6ed425f
1.0,7403e177957cbb51f17018210da02d2ceab88f8a,07ba6a02-fa13-4c5f-b428-795730d75e53
2.0,37d9283061bb8057adff53ff4033dd11ccdf2a0c,99e7c820-557f-47b2-80c8-1dd5c2fcbb55
3.0,90a9f18396ffcccf295eb849a866b8934b9b21c5,1d72e5bc-120e-47cd-8320-4b474c2821da
4.0,363cf3b41ea1f98de4935994e45a166695f41f34,050184ec-becd-4b2d-abef-50c42f1093f4
5.0,d6119ea48453b12b4928f3ab36a4b04f31aac929,62a0df02-79f9-4bba-8524-48ec1a6d0185
6.0,d5bf31824ec3560262525868fcd89211b2f50475,5bc61c59-1b2b-4335-a22e-fdfe00f75583
7.0,e301beb0e17805dbabf5add06d99c53e8703ea34,f9af8000-42f8-410d-a622-e8811e41660a
8.0,50f15da80fbc5098db7e6d7aa815e493ea580c54,60b80922-affe-43da-9644-a58a8d98c1de
9.0,d74624e8a5c8e8227615895c40e2b3ea8367de27,7dc964d5-49e6-4c37-b1c4-a7f0de1fa425
10.0,a5ba556a23c57d1e8b57a5ee0e3e01736e06e646,a0edb93b-1e95-4128-a295-6b1659149cef
11.0,a5ba556a23c57d1e8b57a5ee0e3e01736e06e646,a0edb93b-1e95-4128-a295-6b1659149cef
12.0,e3642ab645a3fdcce97f854503ba67f4b503b9ea,b7aa40ac-729b-49d6-9064-4d1a9480e9a9
13.0,f96efbad191c388706ce370dd9be5d2c25a7b3dc,deedf64a-dd5c-4b33-b345-ff83bfb93d71
14.0,6aec26e2bc3423c71375956bcd2de6b064ebacc0,09c484a4-ad84-4dc0-8aa1-be2cbc6ae347
15.0,fb40b7d4a9b7c1040173c0420b69ccbb7bcdbe5c,a0edb93b-1e95-4128-a295-6b1659149cef
16.0,bd1c1d5540f246090e740c0d5a0fa7f2c64059d1,07ba6a02-fa13-4c5f-b428-795730d75e53
17.0,ffa05258ba9617925c697c99d0dfb5e3ba100844,0dc0e794-53db-401d-bd8f-8da9165b2865
18.0,3e7f5f4382ac6f9c4fef6197dd21abf74456acd1,d9720b90-d60b-48bc-9df8-87a30b9a60dd
19.0,c49131dc223cdf72a63e02a996cec61b1f71e9dd,05860b0f-ff70-48a0-a93a-71c4be979650
20.0,5d2f4d6516686fb337605057452058d56444c53d,a0edb93b-1e95-4128-a295-6b1659149cef
21.0,8a4fc5f00cd4aca61e148e46a2125c3a406719f1,fc0a208c-acb7-47dc-a0d4-af8190e21d29
22.0,7282f5c9d84cd47c516a6a66c5a6b8f1e2cf44b6,b55b50b1-aae7-47a7-b042-8aecc930073d
23.0,f9d403c58db99e2214f43e5b1740694b9c79002f,a36dc29e-4ea1-4567-b0fe-1c06daf8bee8
24.0,398b154013db9d8025bf60f910bc156dedd9b40e,b55b50b1-aae7-47a7-b042-8aecc930073d
25.0,28cc044d5ba938472bc53d87240583982ad21663,528ced1f-e949-4e1a-8fee-2ffbf0be551d
26.0,1ec4d0e29455e47245edaa17368257df3efb6562,b55b50b1-aae7-47a7-b042-8aecc930073d
27.0,2ad13329d44c74041626a60898ccf921b0bdacd3,528ced1f-e949-4e1a-8fee-2ffbf0be551d
28.0,daec8baf1740a09725b375729d95caebc42f61c8,2c9ecac6-f875-4a9b-acc2-10bd9f6782df
29.0,3335c340c20609b4e6de481c9eaf67ecd6c960dc,d732841e-83f9-49ec-95ca-389e5568634b
30.0,0a4b3c33e830d8cde364443a52e673c2c07dcfe8,c85dfc25-bcef-4719-9997-f41ad334d998
31.0,2146edb37621d80f53c1261c8a53c94d3dda84c8,a88140cf-3ca8-46c2-b1f7-446f137cf336
32.0,89535aa63bc5dac6f3beb60b813abb77aa4309d1,07ba6a02-fa13-4c5f-b428-795730d75e53
33.0,3c51a892ce5a8fc78d57ea290c6e5144ee9db579,2c9ecac6-f875-4a9b-acc2-10bd9f6782df
34.0,b34b9758b36c92c023c3c10f3a39aeb8f5c83927,42b29bb0-699b-4502-8619-053ee5448d54
35.0,5de20ffb7852ae0665c382084c8a56918f23dc0b,16e8a264-580d-4f0b-ac5a-bba591b2d18d
36.0,04d7b3457dc78b2d2282e6af2c787308f75c9b26,d22e4663-ebe7-4164-9230-8ad579a735a1
37.0,ea07f64ad84542e04acc41db6b171007f344efd7,9c1ac4fb-5b0d-4c77-8dd9-fb9b7375be4d
38.0,00b1fa3c7170563567fb22a9bb6ff4c7b2e8853e,d8ec66ab-0083-4a4d-bf44-ce85d2daad69
39.0,bfd6caddec8a98d531ee9f1f7ebf5833797cd5e3,2c9ecac6-f875-4a9b-acc2-10bd9f6782df
40.0,843149b649b888fdb3649b8d4852263b62356799,bf8c915b-282b-4817-987d-62e47e42d5e1
41.0,97a3726b3f9395c8919c6271540d87d1c44e10ac,770f1d88-52c2-43dc-a897-6881e70b2f32
42.0,dd340315c44a9c68391d8d2f600a0adc76b70c09,070a8b94-9234-4a39-bff0-23e0c6b74464
43.0,0ec1992151e28c5678832c0923e56aeb58caad53,440bcee8-1bdc-4957-a227-182d81a49740
44.0,52ff64f7f26b28447af255fedeb2216a70b48d66,a0edb93b-1e95-4128-a295-6b1659149cef
45.0,ca9f74a1a7b69214c670202bb4f66eb16194f836,2c9ecac6-f875-4a9b-acc2-10bd9f6782df
46.0,2ce0b954b5180fdc0834c3e4f0d14b5a0e668d53,07ba6a02-fa13-4c5f-b428-795730d75e53
47.0,f152a4008f114ac19076ee6b98d431268f4aea9e,2c9ecac6-f875-4a9b-acc2-10bd9f6782df
48.0,bd1c1d5540f246090e740c0d5a0fa7f2c64059d1,07ba6a02-fa13-4c5f-b428-795730d75e53
49.0,2081508c05ebe4fc0b7b2a1fd6a356a0e933186b,46990654-eb6c-4674-96bc-ba905dab2a86
50.0,23a57b1e2beb4235d2020ed57f484c947e3d0816,07ba6a02-fa13-4c5f-b428-795730d75e53
51.0,9ba08d45d60130c7e5880f63a980b185a86e177c,07ba6a02-fa13-4c5f-b428-795730d75e53
52.0,92efba7c622f54b8cd7b0d70d7cc09063e17b4f3,2c9ecac6-f875-4a9b-acc2-10bd9f6782df
53.0,516a53c59a53b0a471cd8a277b229925e0582114,528ced1f-e949-4e1a-8fee-2ffbf0be551d
54.0,f707f6d7c3f874cb1a8aa961a50e50706731cd2d,3c2dd17d-6c11-4bb6-9d01-1fc2064cb8df
55.0,5bbb90ae23803b8bb115d5d7f60c8defc5376e2a,84cc6785-24f2-48e0-a7a0-e2c86d22239d
56.0,3d7fcd1399573fb5cb455de6f85f149e0ab53828,07ba6a02-fa13-4c5f-b428-795730d75e53
57.0,e27acaf97f5b2eae4257bb5d8278fbe0e6405c39,e4e999b7-2be0-4bd0-ad3b-7afd3fe50a4d
58.0,bd8a307efcffbf57d2e5c3c23577de44d883d865,14d0272a-18b8-4a25-834b-cf3b120b226f
59.0,b48a917258f4e7e2b78a41289d005513db1de8c9,dea8d7a8-c89e-4de9-bde3-0787594a055f
60.0,88dde718acafeaedbe9768883d274a81fd8313d7,7bb54772-a70c-44df-9b9d-9f3b5354c0e2
61.0,b970f9c088beee99666a40374dd5ccb06eeda112,9c119da6-ab17-4403-854e-786882dbf352
62.0,64ad643e8084486ca7d3312ed491a814d3fe440c,770f1d88-52c2-43dc-a897-6881e70b2f32
63.0,a971f856fcf4a4a7589dbf711dd2544f51c5e9b2,f1e82538-dfef-4087-ba93-d855ca08f385
64.0,34ad09cda075101dc4ce3c04006ff804aca3ebf8,3bc59e53-8413-4f2a-b739-d2b155898833
65.0,9386590554c429e80402c082e9d6a2398bcc36b3,5545566b-c0b8-418c-83a5-a986a4657572
66.0,5952a9f10ef65983042794369d376e23d2682d7e,44350957-4538-46db-9957-ea88ec69a126
67.0,bc9be735a6d18ff9d25a2cc6e43f70c0579c96f2,4cd798c9-770b-41bf-a603-531406413b5c
68.0,b2ffbd5a4bebb3a67f64e82669b4255f3d1e5bee,9c119da6-ab17-4403-854e-786882dbf352
69.0,7ce809ac8bb350f5ac7755b4e861710064b38654,060a6ec5-fe85-41b5-b43d-0d4d62b49297
70.0,b931d52d7d72cac8cfc104f1945fb513f60ef3e3,d2349082-b706-44e1-974b-586e3cbaae34
71.0,15d8143cccd70a82d43c342e92a8808f6232dea3,7b344f25-64fc-416b-901d-07808b4e798f
72.0,6ae876357f168a852028d97531c207321e10fce6,47f3ab87-b9a2-4519-a61f-2b025937c786
73.0,aeca9ab416adb5a514e57fa41705a71918c48488,2e12583a-7449-4aab-bad7-4e92f4715fb6
74.0,3d7e34ca30e1aacefc27c7bcd16753791f622f06,efa3ff7a-4d96-44a1-a022-a683408919b6
75.0,d553d008f643622e87e3ac061226865cad3b2928,6f55e05d-807c-4cc0-a541-1e89abcc993d
76.0,b4498f4cb6d6fa41d4cd0da31e0d1019756e63b6,baa9820d-e273-4dc5-8754-8817abd0e3dd
77.0,e4d66b15fce00531b96af6330238301ebbb76291,167fa0ca-e88a-4ef7-a16f-bc66c457c806
78.0,538229ccc6b3cdd3f4162fe13d03791234b991e6,764e3630-ddac-4c21-af4b-9d32ffef082e
79.0,032832f71799eba6565e2444778dcffccbd76280,d7907408-25bc-4816-a81d-4e0f2f6482c8
80.0,02791ee57137fee9915aba8eac54886f772a54f0,f9a81beb-9bcb-43bc-96a7-67cf23dba2d6
81.0,8aafd1f3bb8fd308f9989b6cb7df541c40dc5779,3dbf084c-ef47-4b74-9919-047b40704538
82.0,ae9368b469a8fa0922fd5985e70af2501f7b25e4,a05ec0dc-bf3e-40e2-9d44-60532d08353a
83.0,3be4b774d0112ce8d76c56215dab2d80f2a00db3,764e3630-ddac-4c21-af4b-9d32ffef082e
84.0,d5e0f5cfb95f9da8b8a9f7a004695dc3eeef0a7e,29b9c461-963e-4d11-b2ab-92c182243942
85.0,c31665ce7ec70a876d2993761018c3e93912a1a3,73df6053-f5c6-46a6-aefc-8a109c2edd9d
86.0,d996bd45107881735664a08113034fc016dde41a,c85e7d0a-25c2-4202-8c24-42d0293761fd
87.0,f7c3b5a070e3cb73708964d4d2199c1c146a5527,68f951c0-009e-4451-9fdd-fb6fb73a47af
88.0,988653d9cc361ce41dbe0930eaf2ecea27c85053,5552b3d9-73b0-435f-8515-a135f23fcbba
89.0,813c3085647a7147ae69df7f2eaa619f85f4da77,c3cb49cb-d5d3-4695-953b-3d8380400cae
90.0,25ac496bc07c2961860542c83abbc14b26cf42f4,46928df5-96ad-4a8b-9e63-13448e91c488
91.0,775a9c722262c7b656876a5fef20f4577afd8981,a36dc29e-4ea1-4567-b0fe-1c06daf8bee8
92.0,0ed846e87ce0961d162e9115b4e9837537138e3a,a36dc29e-4ea1-4567-b0fe-1c06daf8bee8
93.0,e8b9fa6f9e0b606ff335a0557a838dea2696b084,939c6e1d-0d17-4d6e-8a82-66d960df0e40
94.0,cd7b4fdd5d945cb3be828cc544f3239e060b802a,932f8c16-64c0-4af8-a2d6-a549264c976f
95.0,68d12aeab53834e9e851fa6751b0d3122bf18d51,021b37d3-cef1-4c12-a442-257f7900c23d
96.0,92ca9f57ebb0cfdbfa07e5d5956e11509f902f0b,a36dc29e-4ea1-4567-b0fe-1c06daf8bee8
97.0,f6e0aeaaaae8736007657b627c714261f7638c96,528ced1f-e949-4e1a-8fee-2ffbf0be551d
98.0,ee25620eea19f793d598dbbf6241cf7520a60ccd,1c2ab05c-7d69-465e-929d-0920857aedce
99.0,4f9b916ae1c38b991f39b6ebd6e0a92f88ece698,a47b9394-c5c7-4bc8-b8fc-b08f96954278
100.0,a4a582c6739c8f6d88f3ad01671b5b6733eb464c,4e8f6cce-6096-494c-ad1a-2083171a8fce
101.0,d1cc35e2a547ba79f1b07fdd81ee0da264c0d6b6,a36dc29e-4ea1-4567-b0fe-1c06daf8bee8
102.0,c575eb25feb0f06d2702fcf7751f6b4f61b892ee,a36dc29e-4ea1-4567-b0fe-1c06daf8bee8
103.0,1f2a86ab0d88b9bb31a7cafd1c1c3fcb4e193547,a36dc29e-4ea1-4567-b0fe-1c06daf8bee8
104.0,f7d3f3a23c1b284a17adc93a922c56be38d221df,07ba6a02-fa13-4c5f-b428-795730d75e53
105.0,64cc4ef5def3919049bdd3a645af198922d626c2,a36dc29e-4ea1-4567-b0fe-1c06daf8bee8
106.0,89535aa63bc5dac6f3beb60b813abb77aa4309d1,07ba6a02-fa13-4c5f-b428-795730d75e53
107.0,fd51bef5d4c12bb1fa49457e5a44fef0b8bc1295,528ced1f-e949-4e1a-8fee-2ffbf0be551d
108.0,eebd35be4d21e1485733c406ff6eebf7746e84ac,d5c81521-9f67-4e2e-8576-0b5e0c068bf6
109.0,660fa773b70629aa8c36f4e11812b2b07fcfa04d,528ced1f-e949-4e1a-8fee-2ffbf0be551d
110.0,30dd12a894eff2a488c83f565bc287b4dd03c0cc,e6904c24-9546-4135-8344-e3999e375558
111.0,0353cc70cbb1da71e921137463ca0f02094d67c6,6f55e05d-807c-4cc0-a541-1e89abcc993d
112.0,b6e9921477cf2e8ad95e5362654246245f082ab3,12b0a7ac-61a5-4dcf-9931-dab24274efd6
113.0,9d0cf900881c995d07f3967d7c81d2950d2541ea,ff1c300b-71a2-457d-9da2-70b8d01c8934
114.0,878bcf59cb8efc0bb8341dff78cdb80d7ff076da,b24455f0-c8b2-4062-8397-1dc279bf6407
115.0,b3e44942580a6254706804ef95c22fe9ac13f92e,82901c74-dc2e-4d08-b633-637c7e209284
116.0,ab2ec1a1b6fdb710b2782554086a4782d50fc2c8,9d988347-1c3c-4cf9-9b6f-d15117510bf4
117.0,2e3a9a4dbf4862757fee5a074592929910e7034d,9d988347-1c3c-4cf9-9b6f-d15117510bf4
118.0,eed2d7c523eaa5c3758ac2ff8697d7fc8173e926,07ba6a02-fa13-4c5f-b428-795730d75e53
119.0,a21921eb0c5600562c8dad8e2bc40fff1ec8906b,e6904c24-9546-4135-8344-e3999e375558
120.0,1a6f4495474f75ae1e8bbf407f70d9a874e5b4d6,7dc964d5-49e6-4c37-b1c4-a7f0de1fa425
121.0,de7a529d144f0a78dd75864dd6012f969521f7f8,09db9489-fe7f-4374-a9d9-388253be4112
122.0,31ebee998db7125228d6119200594dfe2a6dbc3c,23b8d7ac-6e6f-4fe1-9f7e-dc7042815a44
123.0,dca45bd363820bce269a176a1ecde7e1885e2ea6,82901c74-dc2e-4d08-b633-637c7e209284
124.0,497e4b08279d69513e4d2313a7fd9a55dfb73273,d9720b90-d60b-48bc-9df8-87a30b9a60dd
125.0,8dd6aae51e31a72752c4be5cddbdd76dfdc6cda4,1e33b3be-b2ab-46e9-96e8-d4eb4bad6e44
126.0,1d122a074c936fcfd95faf44608e377a9d1799c8,67f7f831-711a-43c8-8785-1e09005359b5
127.0,022a0317d5bf2b38847b03f7c9bc3bfa35950199,4d09f50f-3082-4ec2-99ed-952f28816882
128.0,1eb131a34fbb508a9dd8b646950c65901d6f1a5b,d9720b90-d60b-48bc-9df8-87a30b9a60dd
129.0,47f84928dd6e40797255fa1e1bbb3c12b2659a7c,764e3630-ddac-4c21-af4b-9d32ffef082e
130.0,1e62a8afbe6018540c60d9dcce1ff6bd98f2e404,a36dc29e-4ea1-4567-b0fe-1c06daf8bee8
131.0,497abc0ddace6a7772a5f5a3edb3d7b751476755,67f7f831-711a-43c8-8785-1e09005359b5
132.0,d873ca587904ee6c1823a78995f77cee849e4c9f,7b344f25-64fc-416b-901d-07808b4e798f
133.0,7321ae1b6dc03f4575b9f1acee6c69b1072e45f8,f51ff783-cdff-4e22-94fb-28e6336d17b3
134.0,294df07a2eaaa9eb39d3404c145ef429f84b56ae,dee2646c-57cc-4b8b-92c8-98d0d78d35cf
135.0,de760552279b241976676f4723a159060a433198,d7907408-25bc-4816-a81d-4e0f2f6482c8
136.0,0476ddfada4efc840f38a71588afb6a88874e5dc,5f6c6d59-9c45-42f1-9531-f9d1d0a34ccb
137.0,854055131cb3f029ccf2ea2f7ce8aa675d5d8f6e,55cbbee6-4000-432f-af6a-c0ffd25ba0c0
138.0,4b3ecddd09912cb7de31ea2ab77411416a3f33f3,5353d583-6f50-4967-ab34-74338b908b90
139.0,7bbc0a66e843e2ce8c01ea4ed531bd81b37cf3eb,d481cca3-120e-498a-b947-b3e3a03dbe83
140.0,fdd8cc8a0152d09d1e32da6e45196b569abe146a,a1e5df48-fbe3-4a59-8c15-5ed0ca3513ee
141.0,558d8f66074cc791b5a6504354ac1280e3a2ebf1,a36dc29e-4ea1-4567-b0fe-1c06daf8bee8
142.0,2114c0768c341b82fd22ce3df5a0aab1cf37134f,d80d58be-58fc-4181-a397-5ac6fd976a47
143.0,68c03788224000794d5491ab459be0b2a2c38677,f8e3f8d0-0f40-48c0-b3c0-0c540237b859
144.0,d87ceda3042f781c341ac17109d1e94a717f5f60,30a8645d-22d4-42e2-b3f6-304bf4ce3a02
145.0,8b3b8848a311c501e704c45c6d50430ab7068956,4144b5fb-0a80-4663-8ebf-80ca0c47231a
146.0,298d799da82395a64a3bda38ef9d2a4646828ccb,8113a511-e0d9-4231-a1bc-0bf5d0212a4e
147.0,9667f8264745b626c6173b1310e2ff0298b09cfc,d9720b90-d60b-48bc-9df8-87a30b9a60dd
148.0,804836b8ad86ef8042e3dcbd45442a52f031ee03,7654260e-79f9-45c5-9663-d72027cf88f3
149.0,e4beeff8cf47dcc0faf6efc8f4c1b3fefc052afb,af90489e-312f-4514-bea2-bcb399cb8ece
150.0,082bc77513862f8d709322916f44d6fe2f2d06d7,86c43745-31d9-4c1a-b33f-ce3aa0042dbb
151.0,7def002796277facffe02aa09e3a1bb101ec0785,f68b9e7e-ad3d-46cb-857d-23e49384143c
152.0,6dc7b1da99e30592b54f2148c85e8725563011f7,f68b9e7e-ad3d-46cb-857d-23e49384143c
153.0,24019050c30b7e5bf1be28e48b8cb5278c4286fd,d7d7587f-a1e9-46a4-9db5-54c95787c6f1
154.0,ef12383f516840ec1ec998cd5921dfc6e197c9b2,01103732-3808-4930-b8e4-7e9e68d5c68d
155.0,cc589c499dcf323fe4a143bbef0074c3e31f9b60,3978c4ee-3451-46b1-a92c-33686a0e8afe
156.0,0d3e8b3a4bb5ffc8bc0527c443a99eb1438956a0,c884b267-162e-4c75-916e-f7b80bf543f9
157.0,5c814bc6b49f21a1b84cbc3d4dc662a24165baee,8f0f5460-2391-4d75-ae39-d9b233b91e0a
158.0,2a75f34663a60ab1b04a0049ed1d14335129e908,975e1529-a14b-436f-ad7e-a09d8eabc50d
159.0,d6cff906315e29b61afcf14bf7e6fe40f4d74ea5,768b87bb-8a18-4d9c-a161-4d483c776bcf
160.0,2acf7e58f0a526b957be2099c10aab693f795973,f5a49005-d5b9-484b-801d-1a88308f9ca3
161.0,d70c182a71aea05a145391b24d6bc3cdeede32a5,f4989ee4-e1d2-45b4-85ad-c43a8ffef177
162.0,a6859f695e6b2bd967df7cdb8becf8c9465b472a,d80d58be-58fc-4181-a397-5ac6fd976a47
163.0,062cea54e5d58ee41aea607cbf2ba0cf457aa4e7,78a7fbcc-41c5-4258-b633-04b8637d4a9f
164.0,83a500fcc7cd98db063b73461277ac885c8fe7c3,187dde4a-2b59-491b-b6cf-1a8618878cdc
165.0,5524cacaae93810945f1b21e77f565f6c8bdcdef,528ced1f-e949-4e1a-8fee-2ffbf0be551d
166.0,fb2896bb515ad483260f2b937202d0e7289ddd16,486306ab-f860-4372-9544-62151e34ec3b
167.0,a5881da1c592ea11d24f90992f5b210beaa3ea73,f68b9e7e-ad3d-46cb-857d-23e49384143c
168.0,f472655c370e4b3209f35a2834e01fb4e77ade9b,36345509-1ef5-40ea-8193-7b39cb132760
169.0,f86cefe05621180a48856c9f23a55bf587d7476b,f4989ee4-e1d2-45b4-85ad-c43a8ffef177
170.0,fd6c52fe253f972a54102f43f7d6ee9827eeafd0,b0c05768-6345-45d7-b541-235edf6ead54
171.0,ef47742e72bd64fb1ae5359cd6d5dd6dfad34dc8,f68b9e7e-ad3d-46cb-857d-23e49384143c
172.0,de31aa8e914c60189a425e174af223967e2722cc,cfc287e4-4c04-4848-ab16-633b33a61a09
173.0,5160fb34a6719bbf8d60743d0d27db0ed5df3d2a,a5c58053-0673-4cdb-b2b8-b6b0ad6911d1
174.0,be9124db35e5f451f508e095fdc25727c067a9ef,c89c0957-b21e-40c3-9e6c-0ab46adf1e53
175.0,5737a1f6fd8d928b88726ada916d7874afdfe0d7,a5c58053-0673-4cdb-b2b8-b6b0ad6911d1
176.0,6097094b745b265de8dad6eaf86f7d832e4e7695,68cf0e99-5164-4480-8ed4-8b8416a091df
177.0,61290e15e45007ce55554d65ef364508390663e1,e732255b-dd34-4497-9b4d-ac107060f443
178.0,19c0d004bd0e42a6449d8b7717cbda4431a67e65,d9720b90-d60b-48bc-9df8-87a30b9a60dd
179.0,e4715a13f6364b1c81e64f247651c3d9e80b6808,d9720b90-d60b-48bc-9df8-87a30b9a60dd
180.0,4ce9c20642dce5eb7930966053a1e3da4ef617f2,939c6e1d-0d17-4d6e-8a82-66d960df0e40
181.0,5656c718164f6ab8950f13d78ccf5d3b9942df7f,61a709e3-2060-423c-8de5-ffd3885aa31c
182.0,f2ab3c4e6fae8e666cc68ba1b5672dfddea71123,a0edb93b-1e95-4128-a295-6b1659149cef
183.0,74b6089b46e3e12f74da7d5d981d787aa7fb8459,a0edb93b-1e95-4128-a295-6b1659149cef
184.0,7f5ea861a57e14796f033fd0f5580dbc34ff88f2,fc0a208c-acb7-47dc-a0d4-af8190e21d29
185.0,f4d8cfaab1a9bf229ca8b7de997a445446754a3a,69d79d4c-49aa-4c2b-b616-80100a634f67
186.0,e39ba4c989874285e9473b4532dc275c12ed78c0,5545566b-c0b8-418c-83a5-a986a4657572
187.0,dbbef7c54b88ed4814954062d0922fbf0cc34b28,61a709e3-2060-423c-8de5-ffd3885aa31c
188.0,b696862bbb0f73c6f39fce6a46f9f02842295040,3e64b1c1-745f-4edf-bd92-b8ef122bb49c
189.0,7d0d69eec235daf374e5a72a0831346e27fd1cae,f1660451-ee90-4350-a9aa-cd9063707d38
190.0,1eae65773032fae65e7c003da3f67c47996c7f71,68cf0e99-5164-4480-8ed4-8b8416a091df
191.0,87c3e5caec704425c53b76c7f4497b9c45479554,0ca4830a-5779-4a1f-8692-5eb621a6ef46
192.0,62fa835ba18dfac1e5ee801da1e27634cc5370e7,f4989ee4-e1d2-45b4-85ad-c43a8ffef177
193.0,c41eb895616e453dcba1a70c9b942c5063cc656c,d9720b90-d60b-48bc-9df8-87a30b9a60dd
194.0,b8af507417e61be3ab2ba21a9d8c6a8174bb1be6,e07422f9-c065-40c3-a37b-75e98dce79fe
195.0,5d2f80db3312b9d203f2ed9877f0e6971f4bf7dc,0d6f7fba-7092-46b3-8039-93458dba736b
196.0,9d061f8cc3cb4eb77579adcdbe99169b3e839b27,167fa0ca-e88a-4ef7-a16f-bc66c457c806
197.0,2d03b2d4cbd2c483a46c0c39b5fecdf407319eec,d9720b90-d60b-48bc-9df8-87a30b9a60dd
198.0,1e6f2b06416eb3e2df0c73c90e1bb3f81627a32a,f9af8000-42f8-410d-a622-e8811e41660a
199.0,bc3c2d97e967e18e1eafd9f2b1b887bf79c9d545,768b87bb-8a18-4d9c-a161-4d483c776bcf
200.0,6a4f4038032d5a89c39fcdceba4a9c5ba5ecae27,8113a511-e0d9-4231-a1bc-0bf5d0212a4e
,3bee5cc2d0b6bfcd564158cd0cf1bd311dae68b7,7654260e-79f9-45c5-9663-d72027cf88f3
,0e5bccdedb82fbafece8ca71d64b16ff05ec9145,376732f4-ec63-4b76-bfc8-bbf77119d852
,8d082fcbfb3dd56d52faabe7903f3b0734b1f613,25eaf793-6674-4a6d-864f-6c8ae5428912
,06a81f63fc4ccfcf02934647a7c17454b91853b0,1123f25d-add0-4c9c-8f43-c877aab90a0b
,5c86baa92ece7425ceb09232dddd9538c224ce5e,b1ee6f13-7776-44aa-a2d5-b79deda2aecb
,6787a08978444d97d6860359ba24b5a735d492e2,b83b14d5-4e97-4f22-85e2-0b30dfa042f4
,66470cf9df2f932f80094a309abcc14bcc1b9373,c40f4908-60d1-42b4-8890-380119178833
,25c6565750d7d46c63d9bc073e6826b4d5898498,5afb995f-87ba-455e-bd26-86ae67a10447
,2b9e05c6e282934f69c366f1856b637a921fed5f,c2ff5df6-f2f4-4573-a884-8c53979d4c78
,6a70edfc099614866996222893e91826b4da3677,5042fe05-b1f6-41b6-8092-53294b52cbd6
,e7f5ab8f486487dcefdf9b989d0eff2f0beff48c,bb718fdd-6d66-4f93-851b-08eeeefb28f5
,137832dd10d669a300b7751e0ed3e3b91172372a,0efa120a-36c7-45fa-b534-597651ae69d2
,09ee0ba924ffd21fc7e14ad3147284133cf2f576,019d3f59-a115-42e3-bd7b-474dd4246499
,98f84b38956ece37082c7bc2a8282f47454f4427,bedd754b-5faf-4eff-8074-3c90be8ac9b0
,b623b893faa4c6ef54ba87af04a970b8250c5274,0256ebd3-4f16-4fd0-91bc-b0e77fcd3c0d
,4f1e6ec98650287ead42b1f231831234385c5e6b,f3dd946e-cb75-4502-b550-9dec04bda7f9
,0405150d045bc39ddf5ba8a1c71df8f2d63c661e,3ff00d27-28c7-4770-a1c7-855a072843fd
,fdd1ccdea15d3000bcf66a45d64d7a243006b021,4c562775-121a-4c25-9f7a-823f54d0e93e
,87752bbb228c597e12cc7e86d9dba4539a04769e,10ff739d-ef5f-48b7-9454-9cd1c6d2434d
,78597d4989a7f7f892067637dd3271e60569b087,3837ff2b-82e5-4165-8900-b069c31ef3d7
,6fc1057ccc4d430051b69d456224ce12bca17dcc,b55b50b1-aae7-47a7-b042-8aecc930073d
,37c0809e246e593d524fa8a918eaee661124c21f,c85dfc25-bcef-4719-9997-f41ad334d998
,7fa10285fd3532aea2e64d0d6de06608266b4366,d7907408-25bc-4816-a81d-4e0f2f6482c8
,7463a0b934ac40a353773840485bb56d35fbbb66,7654260e-79f9-45c5-9663-d72027cf88f3
,fa87557e2d9a9695a99ec481673fb360fad2a897,376732f4-ec63-4b76-bfc8-bbf77119d852
,46da3f3d592ea58211ce6bf8bec05ef0b5e792c2,25eaf793-6674-4a6d-864f-6c8ae5428912
,64acb315b6129061c62bfabef2ac06d1a6fff95b,1123f25d-add0-4c9c-8f43-c877aab90a0b
,3c2d95624ede725cc629cfe63affb57237f009f7,b1ee6f13-7776-44aa-a2d5-b79deda2aecb
,107cbf209b1bd25c7bfc75882347a2655da05118,b83b14d5-4e97-4f22-85e2-0b30dfa042f4
,6fa7236e8ff0d958b77164f72b4ce93df5c61caa,c40f4908-60d1-42b4-8890-380119178833
,8b683b12f9efc1d8bdf330182a0afd7c14369ce1,5afb995f-87ba-455e-bd26-86ae67a10447
,287650fad5a478581f0040ad064e6856c7c13af2,c2ff5df6-f2f4-4573-a884-8c53979d4c78
,06ba782753bad19254db5d28ad4155556f286ee0,5042fe05-b1f6-41b6-8092-53294b52cbd6
,f6705e68c71bc0b51ddb8d1e4f986c894ba8f34f,bb718fdd-6d66-4f93-851b-08eeeefb28f5
,917943472ec4a00443d78bb696ed4d8f8d8c7f0a,0efa120a-36c7-45fa-b534-597651ae69d2
,92b68d5a59262971d0f4a563c6abe1be6f2dab56,019d3f59-a115-42e3-bd7b-474dd4246499
,ffc8c09a4cb5a174166ac16d19e646bc150c2c31,bedd754b-5faf-4eff-8074-3c90be8ac9b0
,58525d47d85d38bc48dbfbcb17020c57a7242ebf,0256ebd3-4f16-4fd0-91bc-b0e77fcd3c0d
,015f6fcfe7fb621dd84fd24ea2beb35321896005,f3dd946e-cb75-4502-b550-9dec04bda7f9
,70eb87613183a9141a8c3ea8212384446e5120a5,3ff00d27-28c7-4770-a1c7-855a072843fd
,12f3b97d76e2e07c3bf2914606d26bbfbbe85bd1,4c562775-121a-4c25-9f7a-823f54d0e93e
,633888a9e6ac257c3e1e3d480525231c1627dc8d,10ff739d-ef5f-48b7-9454-9cd1c6d2434d
,b0bf5eb499c483b94efd57135cf9572f2bb4bb8f,3837ff2b-82e5-4165-8900-b069c31ef3d7
,3a97bd1115686e4959e84a60eeb518dfd2de052d,b55b50b1-aae7-47a7-b042-8aecc930073d
,5b64f9fe601db2cc862023efbaf56d9b74f1eef4,c85dfc25-bcef-4719-9997-f41ad334d998
,ce2bbc757a4009d83d4a1719925fc64caf890e23,d7907408-25bc-4816-a81d-4e0f2f6482c8
,1fb42852a47f77d26efdbacbf75cddcb294b5c3d,7654260e-79f9-45c5-9663-d72027cf88f3
,5766f245105247b4ce3f580ddf2c8213c80f7969,376732f4-ec63-4b76-bfc8-bbf77119d852
,cc2e6e4fde1560bd4839a8cb47b00899cf146a31,25eaf793-6674-4a6d-864f-6c8ae5428912
,3265e606639c89e64e5cac5e32dd3e9081b387be,1123f25d-add0-4c9c-8f43-c877aab90a0b
,445ccb9c6bf47fdf71bc9f14ee1b775b08096da8,b1ee6f13-7776-44aa-a2d5-b79deda2aecb
,5d0b1c9e2e24b38489c8021261217b023e42a652,b83b14d5-4e97-4f22-85e2-0b30dfa042f4
,9496a84e79463f1004e7880669e7661d5203ed4a,c40f4908-60d1-42b4-8890-380119178833
,28aecd08b2488c5300abf399feeb83a1f9c19890,5afb995f-87ba-455e-bd26-86ae67a10447
,7df5a0412ea3888df35c779f72cdc53dd0c3efb3,c2ff5df6-f2f4-4573-a884-8c53979d4c78
,5abf1c0ff7dc9157aedd9dfa021f8d3dcc647d9b,5042fe05-b1f6-41b6-8092-53294b52cbd6
,d92897c169ebb44e6d690e1dd69266894ad5c8b8,bb718fdd-6d66-4f93-851b-08eeeefb28f5
,a4a84f5b19aa8c1eb8b31db67d2534ad3565ccab,0efa120a-36c7-45fa-b534-597651ae69d2
,1719c6baf1a95492d47fe6dac0db677045ce2f96,019d3f59-a115-42e3-bd7b-474dd4246499
,21569e44f1daa0a10f635391e1fdfed43decc394,bedd754b-5faf-4eff-8074-3c90be8ac9b0
,a1b51ff5cfb974fdef34386bed5c5844ba7a8dcf,0256ebd3-4f16-4fd0-91bc-b0e77fcd3c0d
,7b44986e28bddf8bc163ac34b439b67169c29b55,f3dd946e-cb75-4502-b550-9dec04bda7f9
,4d111edca5bf3b878d9b7e1df43b757da1af86da,3ff00d27-28c7-4770-a1c7-855a072843fd
,d53bcbac7ea19173e95d3bd855b998fab765737d,4c562775-121a-4c25-9f7a-823f54d0e93e
,0a99f890d1190443b0c8c02062363780d64dd907,10ff739d-ef5f-48b7-9454-9cd1c6d2434d
,202d6dff59014382ba643e4a71852639b1d94d84,3837ff2b-82e5-4165-8900-b069c31ef3d7
,e1946e597b27cd4526ee71800f6454b8dcb5d4d1,b55b50b1-aae7-47a7-b042-8aecc930073d
,bf9e27a62e100e46c5060c7ea79a0d97ce6c1a79,c85dfc25-bcef-4719-9997-f41ad334d998
,c3b16176728c7f785802f84df5aacffbc82ad431,d7907408-25bc-4816-a81d-4e0f2f6482c8
,843793928e308b5414d2883ac869e813ec16f65d,7654260e-79f9-45c5-9663-d72027cf88f3
,e281464d9a558cc1d25084687efb75683e65d4f0,376732f4-ec63-4b76-bfc8-bbf77119d852
,d007e0675a45264aedeacbbe12c731ea78bba070,25eaf793-6674-4a6d-864f-6c8ae5428912
,4dd69578aaa585b5ad3f755fd38fff1402a22dec,1123f25d-add0-4c9c-8f43-c877aab90a0b
,208261e342a57fdf9818f474bb01271b706f9c2f,b1ee6f13-7776-44aa-a2d5-b79deda2aecb
,41e2692d9ac1434d1841d5a29e7ccb927b82b677,b83b14d5-4e97-4f22-85e2-0b30dfa042f4
,c7e9d4837edecc50c94a854e80807a27865dfd91,c40f4908-60d1-42b4-8890-380119178833
,db019eec15d8080086bbc7dc8f5832e431202e0e,5afb995f-87ba-455e-bd26-86ae67a10447
,ac89bccb5806eeafc6122a7e27affea4fe8cb809,c2ff5df6-f2f4-4573-a884-8c53979d4c78
,061a3b79f51007fc12b133761683b03687d73c74,5042fe05-b1f6-41b6-8092-53294b52cbd6
,96f5a9360ccfd1c5c4210dc62948baac234c372d,bb718fdd-6d66-4f93-851b-08eeeefb28f5
,fa15d626d8905d08953abe646a75a31417ad61fa,0efa120a-36c7-45fa-b534-597651ae69d2
,a7ece6b4ad1f1688ba8afe3720e7f6942ec68f58,019d3f59-a115-42e3-bd7b-474dd4246499
,a6e695ddd07aad719001c0fc1129328452385949,bedd754b-5faf-4eff-8074-3c90be8ac9b0
,cdad2f8ca559f425ab7fa402535354a86b0a370a,0256ebd3-4f16-4fd0-91bc-b0e77fcd3c0d
,235af1d1e142cfbecbd0c64ef8126c97c3cd921f,f3dd946e-cb75-4502-b550-9dec04bda7f9
,b95ca56172201797aa5e51200fbf07309613c315,3ff00d27-28c7-4770-a1c7-855a072843fd
,49a94b4a091924eb287eceb62f5dd9d656a3ec74,4c562775-121a-4c25-9f7a-823f54d0e93e
,b134ce6220b0c39bc3d258c7388afb589016a6c4,10ff739d-ef5f-48b7-9454-9cd1c6d2434d
,9c1b9598f82f9ed7d75ef1a9e627496759aa2387,3837ff2b-82e5-4165-8900-b069c31ef3d7
,09d73eecceb080eb1f7cea71d7df1411c712baf6,b55b50b1-aae7-47a7-b042-8aecc930073d
,61076194ec631a89daa30edbcc90bc7be37804cc,c85dfc25-bcef-4719-9997-f41ad334d998
,760d38a08bff329ff67719935c18fa1631e3ded8,d7907408-25bc-4816-a81d-4e0f2f6482c8
,018b4d4b8cafce6624bc07a7339f53628dca5207,7654260e-79f9-45c5-9663-d72027cf88f3
,18a940ff6dce8bc140658da52d686291ca965979,376732f4-ec63-4b76-bfc8-bbf77119d852
,9893595f6950ca1340055da05fd2fae2b7b4dfd3,25eaf793-6674-4a6d-864f-6c8ae5428912
,a8d3dc7d66a242973dcd9ff0426c6b4369d7a90b,1123f25d-add0-4c9c-8f43-c877aab90a0b
,d0eb57dc62688054d62f60117394288b5b9ef11f,b1ee6f13-7776-44aa-a2d5-b79deda2aecb
,4c987ffb492e44acc010cbeb2347b92e257d7b59,b83b14d5-4e97-4f22-85e2-0b30dfa042f4
,b069e125442995787119db3bfa71dff5d965f3aa,c40f4908-60d1-42b4-8890-380119178833
,57039a11d9fb423595a4e16129f7cc7f3ff2cac7,5afb995f-87ba-455e-bd26-86ae67a10447
,4d130f394bd16320ac41112eebd3af74a129c6be,c2ff5df6-f2f4-4573-a884-8c53979d4c78
,04163a7e819b37f7ed1c9031ea128132e1465975,5042fe05-b1f6-41b6-8092-53294b52cbd6
,4dfddbf5b6b0815414313039d29f41900f47d003,bb718fdd-6d66-4f93-851b-08eeeefb28f5
,82bbf69ede840a8604d153ff23dcd95b8e5ff317,0efa120a-36c7-45fa-b534-597651ae69d2
,6f989651c4f592613e92c9e37a8c4ac205998cfe,019d3f59-a115-42e3-bd7b-474dd4246499
,010f65dd2fa979892a8229db825954871652fb8f,bedd754b-5faf-4eff-8074-3c90be8ac9b0
,3fdef60d2c7738739bd7b74f5a3f7c076826ed30,0256ebd3-4f16-4fd0-91bc-b0e77fcd3c0d
,207327c3cb2ce8ef6498d433d58488aece6fbf18,f3dd946e-cb75-4502-b550-9dec04bda7f9
,1163c2996dfd0a46639b094e34ad783e969a0692,3ff00d27-28c7-4770-a1c7-855a072843fd
,00899cac0e2e770fe6b28deac002eceb8c3c4bea,4c562775-121a-4c25-9f7a-823f54d0e93e
,582640c0b232acdb487cb17ebab4dabff3b1d264,10ff739d-ef5f-48b7-9454-9cd1c6d2434d
,b7e54a5d6149cde03fd5144d38a0647d25a795f6,3837ff2b-82e5-4165-8900-b069c31ef3d7
,acd2e65a122059f3dd0fed0aa1c4bf4dd8ce58d1,b55b50b1-aae7-47a7-b042-8aecc930073d
,8e641ea510c06485f33a61ea65555cf791efad2d,c85dfc25-bcef-4719-9997-f41ad334d998
,83b205bb0de66586214bdaabac4b1ec67e24fe0f,d7907408-25bc-4816-a81d-4e0f2f6482c8
,4b2b061a7e004216e61dadbf076c80a8301c4361,7654260e-79f9-45c5-9663-d72027cf88f3
,932c3b5ddef5248a984ce83f7a6dfdd5528c72b2,376732f4-ec63-4b76-bfc8-bbf77119d852
,ca38d68c87a2f3734ca2d806ec2daceac7dbbfb4,25eaf793-6674-4a6d-864f-6c8ae5428912
,d89cc6a8911156f671ee60ddbf6af20ff33cd146,1123f25d-add0-4c9c-8f43-c877aab90a0b
,a3324c0dcb1efaf5d88003b3fe22a3351b4c16da,b1ee6f13-7776-44aa-a2d5-b79deda2aecb
,dbda5f7876960771410e3b2ec96e16ca1fc85529,b83b14d5-4e97-4f22-85e2-0b30dfa042f4
,4c584c886296f6c37f0ae71df57344bd184e5a5b,c40f4908-60d1-42b4-8890-380119178833
,6d703e6eb1c72241720bafdb42b46b70c3bdd16e,5afb995f-87ba-455e-bd26-86ae67a10447
,f49052eeb5607062941137c9468ff1122a19e016,c2ff5df6-f2f4-4573-a884-8c53979d4c78
,26a0611b59bc73cf29a99fdd5d130d5b5e5658a9,5042fe05-b1f6-41b6-8092-53294b52cbd6
,766ed11ce5ffcd27879716d817f2f5fd697bbb27,bb718fdd-6d66-4f93-851b-08eeeefb28f5
,b5839c523c9647b89b0453e2efce12f47380d2f3,0efa120a-36c7-45fa-b534-597651ae69d2
,fbbe83989ce11b91ab0dfb0d5e822b08cd885f48,019d3f59-a115-42e3-bd7b-474dd4246499
,321fede71792a304d44d8143399309c5d88c73a1,bedd754b-5faf-4eff-8074-3c90be8ac9b0
,dac7344737cb824634f757aede2dd46a6eed204b,0256ebd3-4f16-4fd0-91bc-b0e77fcd3c0d
,fd05e825c5d076b17626996a78bdff5e7752549d,f3dd946e-cb75-4502-b550-9dec04bda7f9
,ee5825861645ec9b9d11a2882f3aa15ec9e6e4dd,3ff00d27-28c7-4770-a1c7-855a072843fd
,9b3508e82af76f3da1b233f57756ae9e6328e6f5,4c562775-121a-4c25-9f7a-823f54d0e93e
,85ed1f128c65f00e7ab3c41f3af904e0fd3dae2f,10ff739d-ef5f-48b7-9454-9cd1c6d2434d
,a7797aed6d23d7b599e71ad129211c2834925c0d,3837ff2b-82e5-4165-8900-b069c31ef3d7
,b1b2c709b29623d1a8215315e9096f7b93f5c5b6,b55b50b1-aae7-47a7-b042-8aecc930073d
,8d76672d52622d9c45014d630717ce911d1292ba,c85dfc25-bcef-4719-9997-f41ad334d998
,3de62b3ce8b5de79ccc6e381eedbd49a328a520f,d7907408-25bc-4816-a81d-4e0f2f6482c8
,7c96ac905edb6ebb4616b77a6826b532cd2990b8,7654260e-79f9-45c5-9663-d72027cf88f3
,7a350beede1b8eda39ce22bca62732bcd6677ebd,376732f4-ec63-4b76-bfc8-bbf77119d852
,ed163f11318db2f29e0036277868159c61bcf47b,25eaf793-6674-4a6d-864f-6c8ae5428912
,3701d3a06cec47dc28b5d6a482a41ced2711bea6,1123f25d-add0-4c9c-8f43-c877aab90a0b
,7ec947261f5a3eabdaddb8e53d58a36b986c4e71,b1ee6f13-7776-44aa-a2d5-b79deda2aecb
,6704d01bb7788b67bec3194962a57693766bd417,b83b14d5-4e97-4f22-85e2-0b30dfa042f4
,d2f83aa22def149095f1dd89b4cf36d09a748a87,c40f4908-60d1-42b4-8890-380119178833
,929607741b2a12656ff8d3360ca96fe76a6557a4,5afb995f-87ba-455e-bd26-86ae67a10447
,b307d55ba07058d6183991d2d2a81b340d558186,c2ff5df6-f2f4-4573-a884-8c53979d4c78
,b8523a1ae8f7ebc53b2af47b6541f6348383c0f8,5042fe05-b1f6-41b6-8092-53294b52cbd6
,d5837fd1cf0d51e547553c3612928de880a08589,bb718fdd-6d66-4f93-851b-08eeeefb28f5
,ca3d6205ffb8cab6724fb0828634826e2e87ead7,0efa120a-36c7-45fa-b534-597651ae69d2
,498d27f4d3a616beb058333e410811808f7fe46d,019d3f59-a115-42e3-bd7b-474dd4246499
,ca4d2075b3fc8bf7edd1d6a8041ead8400ba266d,bedd754b-5faf-4eff-8074-3c90be8ac9b0
,58efda5a28e5791adfde9ef6e330caf7b89349c6,0256ebd3-4f16-4fd0-91bc-b0e77fcd3c0d
,dbabab9bf5955558f73a37644f4bb626106a6d73,f3dd946e-cb75-4502-b550-9dec04bda7f9
,6e1e6afb314f9c5a24d744252a30aa5efc313571,3ff00d27-28c7-4770-a1c7-855a072843fd
,e13af509fabacf0e3d27202c9ef6995ef71d0129,4c562775-121a-4c25-9f7a-823f54d0e93e
,acdc89274e34d2f905a055aad41e7f815aef52eb,10ff739d-ef5f-48b7-9454-9cd1c6d2434d
,82524ddee00fa0895dfca43995a7ec8bdb16f0d5,3837ff2b-82e5-4165-8900-b069c31ef3d7
,02a88547d6f6022bebc9aba6723a310cdf132f3f,b55b50b1-aae7-47a7-b042-8aecc930073d
,ad21c3cd8871347e3bdb7cb2800049f7e8a97aca,c85dfc25-bcef-4719-9997-f41ad334d998
,026668472fd8f0fa2ca710ce276be35d362637c2,d7907408-25bc-4816-a81d-4e0f2f6482c8
,73c57c28f60e59a0bccdae836aa34f90d0dbab15,7654260e-79f9-45c5-9663-d72027cf88f3
,5995a2b4645bd73cd4b19d3c44d6a96382d5c880,376732f4-ec63-4b76-bfc8-bbf77119d852
,88552bf7baa57b884e3e4aa0838f20da921b8cbe,25eaf793-6674-4a6d-864f-6c8ae5428912
,532b2033ed22b81333cdc5a60c4a545849388ca9,1123f25d-add0-4c9c-8f43-c877aab90a0b
,f73bd6b6fa6267b08fad47ccde5700ff1def71f0,b1ee6f13-7776-44aa-a2d5-b79deda2aecb
,2e15e356a1368e65b42417676276160110daf272,b83b14d5-4e97-4f22-85e2-0b30dfa042f4
,59a79116f9f7a20560da0aeb7519c33f6ec84a17,c40f4908-60d1-42b4-8890-380119178833
,0b70b3424193fa9a576f58fee7d9a6cc262f383f,5afb995f-87ba-455e-bd26-86ae67a10447
,187f31d400d711e25fd3cddd195f0af730729912,c2ff5df6-f2f4-4573-a884-8c53979d4c78
,1d0bf1d65b61383b0f89aef7b907716f7e411128,5042fe05-b1f6-41b6-8092-53294b52cbd6
,48febeeed061d93e5bb17ee7dba03ff8ab37353e,bb718fdd-6d66-4f93-851b-08eeeefb28f5
,e4c66275e46a66586365c851f0974a3c88baf3d7,0efa120a-36c7-45fa-b534-597651ae69d2
,03094c68e9333dbfb17426d22d4e61748d92e414,019d3f59-a115-42e3-bd7b-474dd4246499
,93ef4425014a22f9e9466809834dd70573d28750,bedd754b-5faf-4eff-8074-3c90be8ac9b0
,dd1f93c3faae464d50d2e97c2bf4ac8d43681cb1,0256ebd3-4f16-4fd0-91bc-b0e77fcd3c0d
,f2b66923db74a16169d040a51ada555d5b6f8851,f3dd946e-cb75-4502-b550-9dec04bda7f9
,e41b32583e19885e7692c1168a3e241cef6e898a,3ff00d27-28c7-4770-a1c7-855a072843fd
,1fcf323ff79c46b401e7a3d8510f50da17073cb8,4c562775-121a-4c25-9f7a-823f54d0e93e
,2c5c6a334cc2f2a2143e9dbcac3ab5a43720292d,10ff739d-ef5f-48b7-9454-9cd1c6d2434d
,eda424538bab229d38f03a97d3ed1731e2a2c871,3837ff2b-82e5-4165-8900-b069c31ef3d7
,0a4569cfcb193a548de7445106135445bae5950f,b55b50b1-aae7-47a7-b042-8aecc930073d
,d843192295fc6f9d2e3e2a883de6b48abc86815d,c85dfc25-bcef-4719-9997-f41ad334d998
,d769ca2ac7b7057df74fdf9d4d0de91f1b07917d,d7907408-25bc-4816-a81d-4e0f2f6482c8
,ad0494f2a46b4272530a79f274bab28ae6269acc,7654260e-79f9-45c5-9663-d72027cf88f3
,e47f58edd1af4ee6b236d771b1e863920382c45d,376732f4-ec63-4b76-bfc8-bbf77119d852
,fd4879e9c17a5d6551dd9f3a0cb9df0fe1d04637,25eaf793-6674-4a6d-864f-6c8ae5428912
,8691bd56aad7be73d5a6342ee434bea2d4774e00,1123f25d-add0-4c9c-8f43-c877aab90a0b
,c6e311a9640b47b9264e13de867ab6cc34d195db,b1ee6f13-7776-44aa-a2d5-b79deda2aecb
,f03a847c6325d7d5973efd687d2ca86a9c06dd76,b83b14d5-4e97-4f22-85e2-0b30dfa042f4
,b255694c69768b03bf854a72f3b0520befb0c509,c40f4908-60d1-42b4-8890-380119178833
,edacaedb1b2312023c4b0cf1d42bbdbed2793c65,5afb995f-87ba-455e-bd26-86ae67a10447
,e473b85d6fff3c667dec45fa8ee233b6c0db7378,c2ff5df6-f2f4-4573-a884-8c53979d4c78
,1046b1d5ad67940beb01a2ef13fbe6fd6d4ec4ec,5042fe05-b1f6-41b6-8092-53294b52cbd6
,0040c830969302a8c88c0c083aee5051e405bfe5,bb718fdd-6d66-4f93-851b-08eeeefb28f5
,5c024ddb73d55a13607e1b151e980e915ae49145,0efa120a-36c7-45fa-b534-597651ae69d2
,2913c2bf3f92b5ae369400a42b2d27cc5bc05ecb,019d3f59-a115-42e3-bd7b-474dd4246499
,ff89306dcc77b387f01718b497df0116c87c260d,bedd754b-5faf-4eff-8074-3c90be8ac9b0
,40691c4ba3c2eb44849273eb92dca66da6b634ad,0256ebd3-4f16-4fd0-91bc-b0e77fcd3c0d
,7d08932d11d5cf03ac2725250e83ec68f5a0f878,f3dd946e-cb75-4502-b550-9dec04bda7f9
,49d3816939a2ccf0916919695cf023e4b1d7726f,3ff00d27-28c7-4770-a1c7-855a072843fd
,c6b3ca4f939e36a9679a70e14ce8b1bbbc5618f3,4c562775-121a-4c25-9f7a-823f54d0e93e
,f3f26c7fd8bca7262b23210bf5318037a27f939d,10ff739d-ef5f-48b7-9454-9cd1c6d2434d
,dc0e51b870dba980b79a3c34a044e491e7cfd5c4,3837ff2b-82e5-4165-8900-b069c31ef3d7
,49594776b8a1dce89e976c846266ccefafa948b7,b55b50b1-aae7-47a7-b042-8aecc930073d
,2f1214615605b298733c008ffbd8a79051992473,c85dfc25-bcef-4719-9997-f41ad334d998
,ce1f1762b9111ee099021bb0de727ba22c228e6d,d7907408-25bc-4816-a81d-4e0f2f6482c8
,4b06c7e29280b1c6bc05c9df39023b48fef02c93,7654260e-79f9-45c5-9663-d72027cf88f3
,4bba202eee798202e214cbc6bfca6a78e3f26342,376732f4-ec63-4b76-bfc8-bbf77119d852
,317325439a0ce543d7629848a35adea04b6e7d12,25eaf793-6674-4a6d-864f-6c8ae5428912
,812ac6e60df272dab8ff7e835c8813cc0f46697c,1123f25d-add0-4c9c-8f43-c877aab90a0b
,01fb1a96b1e023b7f1f5e7af700765b5a2b1998c,b1ee6f13-7776-44aa-a2d5-b79deda2aecb
,999db6b11c1fe6377118081c84f79f6ae6b4262d,b83b14d5-4e97-4f22-85e2-0b30dfa042f4
,5b9ea2abf1c5a04b3024367409284edceb741ef2,c40f4908-60d1-42b4-8890-380119178833
,a5edce377759894482464a133cb9ec6791709eb2,5afb995f-87ba-455e-bd26-86ae67a10447
,15b43cf0c415aa428b1c7913786cbfc4aded36be,c2ff5df6-f2f4-4573-a884-8c53979d4c78
,2081ed6854290a479f796f2432c7951ff24232fe,5042fe05-b1f6-41b6-8092-53294b52cbd6
,557f7747f1a94cadd3f10eea6bdbc80e09b1e181,bb718fdd-6d66-4f93-851b-08eeeefb28f5
,d01c02801212f823cdc11e329b3a1afa63f3a2d5,0efa120a-36c7-45fa-b534-597651ae69d2
,b62628ac06bbac998a3ab825324a41a11bc3a988,019d3f59-a115-42e3-bd7b-474dd4246499
,c26fa4322ad54671e13917cfb8cca289a4ebafd9,bedd754b-5faf-4eff-8074-3c90be8ac9b0
,7fbb81ee7df0f48b3e55649cf41bcc506d19b314,0256ebd3-4f16-4fd0-91bc-b0e77fcd3c0d
,0d74d07ee64ae04e01a1893d798a93680a9211c8,f3dd946e-cb75-4502-b550-9dec04bda7f9
,d90f276316589f503690d541392989031f9d046b,3ff00d27-28c7-4770-a1c7-855a072843fd
,7a05bef155bc7a29581cac1c9b2ee9e8ca3dca42,4c562775-121a-4c25-9f7a-823f54d0e93e
,0b19d84d3c44222ab0d3965eedada3a037971bc3,10ff739d-ef5f-48b7-9454-9cd1c6d2434d
,e049bd1ef18a0f1cdb45477d957393cf9ef41c6d,3837ff2b-82e5-4165-8900-b069c31ef3d7
,fe944ce6918c27e20e8c410d05950e84bd89987f,b55b50b1-aae7-47a7-b042-8aecc930073d
,fe134631e96a8937b1cc93952e895d882c536655,c85dfc25-bcef-4719-9997-f41ad334d998
,a7412ecf07ff540f9ede6eb6831803e115a16206,d7907408-25bc-4816-a81d-4e0f2f6482c8
,2c4f5a30c195ef810415b3272a2bfc4af845c96c,7654260e-79f9-45c5-9663-d72027cf88f3
,a0095ea6b13b95073088f2afb6e33e4d7761b04e,376732f4-ec63-4b76-bfc8-bbf77119d852
,82feed9f0f8d077046b9b8be36e664483a66e33b,25eaf793-6674-4a6d-864f-6c8ae5428912
,7071b85c83035ff86c8ed3c1f3319a304bfb7fb5,1123f25d-add0-4c9c-8f43-c877aab90a0b
,4a95403d8fcadaccbf6d46c2a03c0ecf70cb3f9c,b1ee6f13-7776-44aa-a2d5-b79deda2aecb
,5e3eb22c476b889eecbb380d012231d819edf156,b83b14d5-4e97-4f22-85e2-0b30dfa042f4
,12f26e0c38cdf9b8df735a6359384529e533bddc,c40f4908-60d1-42b4-8890-380119178833
,58a93e9cd60ce331606d31ebed62599a2b7db805,5afb995f-87ba-455e-bd26-86ae67a10447
,a0d251f893e043175d0a6d0e12e6e166ff523255,c2ff5df6-f2f4-4573-a884-8c53979d4c78
,b9111489ec08b50bc573982ede11f5bc2d7a4e88,5042fe05-b1f6-41b6-8092-53294b52cbd6
,0a8bcccd8acc7ec899b57d4ba76db4ee21295092,bb718fdd-6d66-4f93-851b-08eeeefb28f5
,2614a63a84e83cc8a7f906c08f219d52b158f92f,0efa120a-36c7-45fa-b534-597651ae69d2
,92170231069fd144805ba9c356ee002db123381b,019d3f59-a115-42e3-bd7b-474dd4246499
,a787499299fa75a7d8597aa4793255e9587a3c7f,bedd754b-5faf-4eff-8074-3c90be8ac9b0
,5dde7192c840ae6f348008bd0fa0a652306da145,0256ebd3-4f16-4fd0-91bc-b0e77fcd3c0d
,e420259fd53d15c2b6cb8906027d5a100ca356d7,f3dd946e-cb75-4502-b550-9dec04bda7f9
,8f9b0fac9e81c89b72a22171d1a06247cb8efa79,3ff00d27-28c7-4770-a1c7-855a072843fd
,355f5e57eab748d07ec768e4c07b06dfd66a3ba5,4c562775-121a-4c25-9f7a-823f54d0e93e
,6b705d7ef453d42d87a9099b31344adad2367f40,10ff739d-ef5f-48b7-9454-9cd1c6d2434d
,fc45cd4563ce8ab02a5fe5facb22ea69864d9ef0,3837ff2b-82e5-4165-8900-b069c31ef3d7
,a8edd60a3be9a6e09bd4c6c586a109e4f3f7b116,b55b50b1-aae7-47a7-b042-8aecc930073d
,a6e594b11bd8195e96a1826f591fcec9a20fdcf3,c85dfc25-bcef-4719-9997-f41ad334d998
,5745c2aff2a61d6f4a5b1083663fe7ed54d22672,d7907408-25bc-4816-a81d-4e0f2f6482c8
,aa740792d3d1afaa8acbdb2700582c2226986cd2,7654260e-79f9-45c5-9663-d72027cf88f3
,8850c6b96200bc8b92935d16a7685e621214d51c,376732f4-ec63-4b76-bfc8-bbf77119d852
,fd2d9588818d4bd6d5cc59a26642c3d3c05ab915,25eaf793-6674-4a6d-864f-6c8ae5428912
,6890443a50fd596952a4a9c57e377582c63c8b5f,1123f25d-add0-4c9c-8f43-c877aab90a0b
,690c04954ca8752c72e5a2a06f10c7ffca3d299c,b1ee6f13-7776-44aa-a2d5-b79deda2aecb
,4e0b35201060193709610bbe4a20e4a7cd597edb,b83b14d5-4e97-4f22-85e2-0b30dfa042f4
,bc2b892b27ae9a9805e37d79d1986291c5b589d2,c40f4908-60d1-42b4-8890-380119178833
,e03a1c0f0a8d95aa84bb21f2aa95e5053e4cb655,5afb995f-87ba-455e-bd26-86ae67a10447
,8e8152d46c8ff1070805096c214df7f389c57b80,c2ff5df6-f2f4-4573-a884-8c53979d4c78
,8de121442c5df6ebd1d93c132086c80ae7613b06,5042fe05-b1f6-41b6-8092-53294b52cbd6
,2c0ed016d2bc69854523aab6bcf86342692e31e2,bb718fdd-6d66-4f93-851b-08eeeefb28f5
,024d1cffa9e112d9e81c76cc00fb44e3bd761011,0efa120a-36c7-45fa-b534-597651ae69d2
,967c6ed8bbc9ae86802f9025fd47d91f7e83a6e4,019d3f59-a115-42e3-bd7b-474dd4246499
,462098bcc81f5d8b8a067aa0b8988adba0eef91f,bedd754b-5faf-4eff-8074-3c90be8ac9b0
,125bb9e2f465f3fec6646ef286edc6d41074ca50,0256ebd3-4f16-4fd0-91bc-b0e77fcd3c0d
,5ab169aed6e76c20621a23c411f651aac423efe3,f3dd946e-cb75-4502-b550-9dec04bda7f9
,3402835f33e3e1342eb86b4d13907e3c9121c82b,3ff00d27-28c7-4770-a1c7-855a072843fd
,dc9515a0f39739fd0e009a90d0dc48afb6e3ac07,4c562775-121a-4c25-9f7a-823f54d0e93e
,e7ab23d011e5183db78cfea48e303210f6e57e2e,10ff739d-ef5f-48b7-9454-9cd1c6d2434d
,908091b4a8757c3b2f7d9cfa2c4f616ee12c5157,3837ff2b-82e5-4165-8900-b069c31ef3d7
,99a4acc4de2097d5ed6c4ec257f284c9dc86b3b8,b55b50b1-aae7-47a7-b042-8aecc930073d
,08b24601e1a1db623f6cebf740c557b23809b509,c85dfc25-bcef-4719-9997-f41ad334d998
,c52f657964a8014e72d925768e2dcab23819abc5,d7907408-25bc-4816-a81d-4e0f2f6482c8
,66eaaeb2ddcc73a27247cfce92f7e6691fe988c8,7654260e-79f9-45c5-9663-d72027cf88f3
,1a69ec1864d490e121e6574b2bfe7817f475b7b9,376732f4-ec63-4b76-bfc8-bbf77119d852
,e9290576b477b684e40a4a7e2fa1fa314da49b94,25eaf793-6674-4a6d-864f-6c8ae5428912
,960e7494ef4ec5964407488080f249104cd218f0,1123f25d-add0-4c9c-8f43-c877aab90a0b
,4a32712674651fd200e1de8e41e9685f21a163b4,b1ee6f13-7776-44aa-a2d5-b79deda2aecb
,eaa3bbe9e3c52781fd84149d8ee6e2670c90e5ec,b83b14d5-4e97-4f22-85e2-0b30dfa042f4
,0cac090d379836a82b7aae6abc222ab7822b8763,c40f4908-60d1-42b4-8890-380119178833
,ffeab4ba1bc96bf7a5c10d9c7b4b33b8855fde2b,5afb995f-87ba-455e-bd26-86ae67a10447
,fde0b586e3bc9e5139a14493044bce9ff61706d4,c2ff5df6-f2f4-4573-a884-8c53979d4c78
,b9cc31a2c718b54d5798b8dab3902acc33284d93,5042fe05-b1f6-41b6-8092-53294b52cbd6
,4e2f43dab69d690dc86422949e410ebf37f522d4,bb718fdd-6d66-4f93-851b-08eeeefb28f5
,7dabd56ccd524f78f0eda5073dc358f28893a45d,0efa120a-36c7-45fa-b534-597651ae69d2
,7b472238215ac399e119ef152c0ff93f2df1c8e6,019d3f59-a115-42e3-bd7b-474dd4246499
,13ec4520f33b8724d6dc2b66da1302ffeb4231b5,bedd754b-5faf-4eff-8074-3c90be8ac9b0
,d5151713a569f203e8cc93d3aee5f3a2168ebe8a,0256ebd3-4f16-4fd0-91bc-b0e77fcd3c0d
,052fcf10e96f282c0fb50f778150afeaf92bb65d,f3dd946e-cb75-4502-b550-9dec04bda7f9
,a057d7736e3ae4675054a104a1301dba2ff8dbba,3ff00d27-28c7-4770-a1c7-855a072843fd
,0f5c63182b5d40850c741888a89e6c055a3593af,4c562775-121a-4c25-9f7a-823f54d0e93e
,301311f883cb3df1b1c00077ddf5f2fc0ed2f4f8,10ff739d-ef5f-48b7-9454-9cd1c6d2434d
,d57ca29d73272e139c04f118d5c3107dfb964596,3837ff2b-82e5-4165-8900-b069c31ef3d7
,ebd1c86b670da4f10ac691828fba9f860327bee9,b55b50b1-aae7-47a7-b042-8aecc930073d
,31931aa8d814d45f9cfcd1765aff07e443cca99d,c85dfc25-bcef-4719-9997-f41ad334d998
,501608b011a1b0c6a6d1f92153c4c0f54f3d1882,d7907408-25bc-4816-a81d-4e0f2f6482c8
,e2a5593f587970018b9e826e5d876125b374b801,7654260e-79f9-45c5-9663-d72027cf88f3
,2ba91b8e58fea3d6a5f1ab9748f0e976bd659e0d,376732f4-ec63-4b76-bfc8-bbf77119d852
,cfc104f686b2190f64db03c8933d8f2a7fff5a5d,25eaf793-6674-4a6d-864f-6c8ae5428912
,837daca8463dc161bb23da089a0dbb0093dc5565,1123f25d-add0-4c9c-8f43-c877aab90a0b
,0b510ee69a507407008661aacb2345f73c70f8cb,b1ee6f13-7776-44aa-a2d5-b79deda2aecb
,9b6b702ce7e26b8d8a41d1641ba816aa075e1354,b83b14d5-4e97-4f22-85e2-0b30dfa042f4
,cbf6a6d8fff87b74f36c5e4ede09f55e7a71506c,c40f4908-60d1-42b4-8890-380119178833
,f56425ec56586dcfd2694ab83643e9e76f314e91,5afb995f-87ba-455e-bd26-86ae67a10447
,666dfa8258914bf17970b20d2f7247c7c1468307,c2ff5df6-f2f4-4573-a884-8c53979d4c78
,db48859397cfe3d28e32892d1f8df6709bce2704,5042fe05-b1f6-41b6-8092-53294b52cbd6
,48fa4530c0eddf525b273e222753c978606243f7,bb718fdd-6d66-4f93-851b-08eeeefb28f5
,3b6c41af9410d9971325b82d521763cd607dbca7,0efa120a-36c7-45fa-b534-597651ae69d2
,702cd9a7a128706b8a6ec88e7424e06c326021e5,019d3f59-a115-42e3-bd7b-474dd4246499
,c80b987fe2d52214772f435417cb6666f60613d2,bedd754b-5faf-4eff-8074-3c90be8ac9b0
,61b3ce156347a7f107df75924a45f81f12a0ef14,0256ebd3-4f16-4fd0-91bc-b0e77fcd3c0d
,440819897d051bdb57182fd2a61777c7a8b710b7,f3dd946e-cb75-4502-b550-9dec04bda7f9
,98532d90cda92a3c5079955a41efd9a182a695e6,3ff00d27-28c7-4770-a1c7-855a072843fd
,89e3fae32bf72b61834fc2ae60b1f8508e714e38,4c562775-121a-4c25-9f7a-823f54d0e93e
,39593dc89d2c3d8c3e61b4a042f8e753b37e7106,10ff739d-ef5f-48b7-9454-9cd1c6d2434d
,8162d4f3bfce2055c9a53c267af66103c3bfd167,3837ff2b-82e5-4165-8900-b069c31ef3d7
,69732dcf45024f28e5c43de68d1208f6e737eada,b55b50b1-aae7-47a7-b042-8aecc930073d
,1e97929230cdcfc13584c3c66f0ecf5cff9be5e2,c85dfc25-bcef-4719-9997-f41ad334d998
,d65d64c3f6ea322d9e85138fe5c8e85acbf661e3,d7907408-25bc-4816-a81d-4e0f2f6482c8
,091929400bd0735c19daa1cc5523e336b354aae9,7654260e-79f9-45c5-9663-d72027cf88f3
,4aa6aaeb14e5f881100c97cd5d06306f16ab80d0,376732f4-ec63-4b76-bfc8-bbf77119d852
,91b63db746becca15090963a8990dfe2b5103799,25eaf793-6674-4a6d-864f-6c8ae5428912
,e1ababf08c9ec103db854a2c1b4db611142cfdb7,1123f25d-add0-4c9c-8f43-c877aab90a0b
,7ee8e3a67cf299276611cea6d8aa3e657177bd19,b1ee6f13-7776-44aa-a2d5-b79deda2aecb
,8ad7b7d55331d708055217797d3ff080dd3c2836,b83b14d5-4e97-4f22-85e2-0b30dfa042f4
,34284e452a59db6a3d0a867cb01626151a7781b4,c40f4908-60d1-42b4-8890-380119178833
,f66b6c35b1820dfb39dfbda11fa4040913c1bb85,5afb995f-87ba-455e-bd26-86ae67a10447
,04ff6d8d8708aef4ebc45ebee132fcc6f055bbd4,c2ff5df6-f2f4-4573-a884-8c53979d4c78
,9d76e69f54bdf739fcd61d0fd25f92c7dd3923c2,5042fe05-b1f6-41b6-8092-53294b52cbd6
,47134cbdfa7c44a55de5697a35b6652d0fcfee30,bb718fdd-6d66-4f93-851b-08eeeefb28f5
,54d9fc3ed4937ee546ed45aee7bef16b4ae3775d,0efa120a-36c7-45fa-b534-597651ae69d2
,c9fc7bf985fde7246f6139809cc7b019fd1ae007,019d3f59-a115-42e3-bd7b-474dd4246499
,bfb523f12a2d3b7b3cc4fa11effd4de0a7ff998f,bedd754b-5faf-4eff-8074-3c90be8ac9b0
,de84e808462b8240c75987364a6d518eff7d8813,0256ebd3-4f16-4fd0-91bc-b0e77fcd3c0d
,09e72c1ddaa2f5b26f6c3a04583005bddaa030c7,f3dd946e-cb75-4502-b550-9dec04bda7f9
,c48e0bd0f36c25ab83befbc7b7da369b75fd25f5,3ff00d27-28c7-4770-a1c7-855a072843fd
,5703617b9d9d40e90b6c8ffa21a52734d9822d60,4c562775-121a-4c25-9f7a-823f54d0e93e
,3f2e5b88c4b631c931f6db805f4ae3c0b531a8e8,10ff739d-ef5f-48b7-9454-9cd1c6d2434d
,fe01d24bd55ca63ceca04539c88ea477c3a50b07,3837ff2b-82e5-4165-8900-b069c31ef3d7
,33a0d4f2d280a7f1080aa1da11e8f05f06263cc6,b55b50b1-aae7-47a7-b042-8aecc930073d
,1d1de7d9e4be91a1a29927169f7f22ef7a513259,c85dfc25-bcef-4719-9997-f41ad334d998
,03cea6194b4d402f83f48382cbaf52b369d3d700,d7907408-25bc-4816-a81d-4e0f2f6482c8
,851eb4b78f6deb8aba9d39529e462c5319940f51,7654260e-79f9-45c5-9663-d72027cf88f3
,2bb7426e6ecdab0f120c89f6a324cf0c2a7266d4,376732f4-ec63-4b76-bfc8-bbf77119d852
,f5079168f914014e9cfe888bdfd58b7bac2b1fe9,25eaf793-6674-4a6d-864f-6c8ae5428912
,839c069fc576c816b89d84aa7c18849874de486a,1123f25d-add0-4c9c-8f43-c877aab90a0b
,448dc7527c4031086bcdf3d117e73bc163b64c5e,b1ee6f13-7776-44aa-a2d5-b79deda2aecb
,c9ed1ad1a3a08bf5ebebe8105805dd102546b8f3,b83b14d5-4e97-4f22-85e2-0b30dfa042f4
,12d8a9991ee7aecc65bc0991959c5b58a367b2ae,c40f4908-60d1-42b4-8890-380119178833
,766c86e927fab2e44926e7ec0044f4cba1bdb905,5afb995f-87ba-455e-bd26-86ae67a10447
,8f8532a193313b9b956a8df402dd7f879bbe1377,c2ff5df6-f2f4-4573-a884-8c53979d4c78
,51f3fbc8b948dd93ed6d1e27e320141d0507603d,5042fe05-b1f6-41b6-8092-53294b52cbd6
,84b5314ed88bb9fad764b85833fe8038f7f0f57f,bb718fdd-6d66-4f93-851b-08eeeefb28f5
,717b99765e7eec60fac0d1ce0c12cb22e78dadb0,0efa120a-36c7-45fa-b534-597651ae69d2
,bf69c98fca9a9f6c1cde871beddbcdc668b77771,019d3f59-a115-42e3-bd7b-474dd4246499
,f6ab7318774c16680681d0b764cefe51a31bd49c,bedd754b-5faf-4eff-8074-3c90be8ac9b0
,a2d7efb8b174702111e713765cbf741dff2bf9b8,0256ebd3-4f16-4fd0-91bc-b0e77fcd3c0d
,ff7a79011e4ddba98474efe776432ac2b4431473,f3dd946e-cb75-4502-b550-9dec04bda7f9
,19cd8122dc531dcdf70f1430331f1df9458ccda2,3ff00d27-28c7-4770-a1c7-855a072843fd
,875c77b0daf65f2db77b48e784cb68fb312edea3,4c562775-121a-4c25-9f7a-823f54d0e93e
,28e702e1a352854cf0748b9a6a9ad6679b1d4e83,10ff739d-ef5f-48b7-9454-9cd1c6d2434d
,ef4ac59a175e70c029f95b69f7c1f70a6ca963ef,3837ff2b-82e5-4165-8900-b069c31ef3d7
,6362675dc7f0a41061ceb6c10852e84e6141e509,b55b50b1-aae7-47a7-b042-8aecc930073d
,dd153ebd44a07dde2259c22d43bb9cd18db44d2a,c85dfc25-bcef-4719-9997-f41ad334d998
,e36022198f21f46d066007ee5cf901ea55080e21,d7907408-25bc-4816-a81d-4e0f2f6482c8
,1bdc29257650e2bed7d11a9a4afb4eeea0bb1296,7654260e-79f9-45c5-9663-d72027cf88f3
,b879e3124a79513ac0cf86979fc1a33fbbeb4875,376732f4-ec63-4b76-bfc8-bbf77119d852
,ada56e1f7575d7f542215c48625c161ab060bed0,25eaf793-6674-4a6d-864f-6c8ae5428912
,fc5747192aa13a30ba70cdba54fd10b65d1abe1b,1123f25d-add0-4c9c-8f43-c877aab90a0b
,5db8051dd2ee99996484bf1c48795c5ca13e04c5,b1ee6f13-7776-44aa-a2d5-b79deda2aecb
,f3cdea5fe196a7558afd9fcb8f3dacb69fdbe3d3,b83b14d5-4e97-4f22-85e2-0b30dfa042f4
,7fc9a268aeebfa25b77a784fb47d0959523cff00,c40f4908-60d1-42b4-8890-380119178833
,b419355d277d2dbf3d66b1c54b6db60a4251df03,5afb995f-87ba-455e-bd26-86ae67a10447
,00a4bdc5158945a0b9463a29da4810838e474875,c2ff5df6-f2f4-4573-a884-8c53979d4c78
,f463018624b6f4b8dd576732b6cce36e31bac978,5042fe05-b1f6-41b6-8092-53294b52cbd6
,d7c78b7071ea150346320e5b43a03824263e0fa9,bb718fdd-6d66-4f93-851b-08eeeefb28f5
,b0150dd118ebedbc3ece68726e065f9afaaf3b18,0efa120a-36c7-45fa-b534-597651ae69d2
,f14ec263536aa6a013ecf1c32c8320be50ab0a8d,019d3f59-a115-42e3-bd7b-474dd4246499
,fa3c3fb3db6d54105c7990b6fd3ef41f3aff439d,bedd754b-5faf-4eff-8074-3c90be8ac9b0
,ce0b7ee60920f9b37f88cab785cb8b4dc337e89f,0256ebd3-4f16-4fd0-91bc-b0e77fcd3c0d
,53e0cea00e0653faba15d91f9b5673576af65967,f3dd946e-cb75-4502-b550-9dec04bda7f9
,e282659f372b67219567938a770648903713cb0a,3ff00d27-28c7-4770-a1c7-855a072843fd
,0b9182d502e62fb7e1ebd7e01de7523005d35677,4c562775-121a-4c25-9f7a-823f54d0e93e
,6830f672c1765867a914155d5eb7df140fe7de16,10ff739d-ef5f-48b7-9454-9cd1c6d2434d
,832139bd87f51f0a173b5bd9255944748bc31a96,3837ff2b-82e5-4165-8900-b069c31ef3d7
,2515e0eb321c558629678b0c34447b40725ed989,b55b50b1-aae7-47a7-b042-8aecc930073d
,725aa166223bf01ab21fb6b002b1e7f13b626d82,c85dfc25-bcef-4719-9997-f41ad334d998
,dfbfa43fa090fdd21e4b8e694f61136ebeeaab93,d7907408-25bc-4816-a81d-4e0f2f6482c8
,625a9e9822603b79f754c4ce044760f7363b5eb6,7654260e-79f9-45c5-9663-d72027cf88f3
,617e2d3a42c23a758daf8dd51ab82f89d171ef54,376732f4-ec63-4b76-bfc8-bbf77119d852
,2a92c98a943ae21360d52730f1f2117c7edb2ecb,25eaf793-6674-4a6d-864f-6c8ae5428912
,2485c98aa44131d1a2f7d1355b1e372f2bb148ad,1123f25d-add0-4c9c-8f43-c877aab90a0b
,bfacd964ba59bcc6b87b251fa3b30df90736c315,b1ee6f13-7776-44aa-a2d5-b79deda2aecb
,3e3d6d84f66c6f26db23711931c87db01baf9d81,b83b14d5-4e97-4f22-85e2-0b30dfa042f4
,1f159d534f2e150577718b92d3ccfd3e23b7e889,c40f4908-60d1-42b4-8890-380119178833
,3ff0d2c7621c40e6245c7ca0964b4b856255e0c2,5afb995f-87ba-455e-bd26-86ae67a10447
,118cdcf302328a5896de4adbb1e2554641212091,c2ff5df6-f2f4-4573-a884-8c53979d4c78
,4deebd0fdcec477a780e950dc0299beb872ea350,5042fe05-b1f6-41b6-8092-53294b52cbd6
,b55fda1f58af7fd9ecde8f1dc193ddd6ab6e9d26,bb718fdd-6d66-4f93-851b-08eeeefb28f5
,92b5986906dc286d7008323bd49833eaa2dd5e5f,0efa120a-36c7-45fa-b534-597651ae69d2
,f1d6cbac2f1ad7443c60c035e1c819bef402c5c7,019d3f59-a115-42e3-bd7b-474dd4246499
,74e10ff37b568e76c5166ce8b0eddf2abfdcbac9,bedd754b-5faf-4eff-8074-3c90be8ac9b0
,9374019e86b7e97260b240bbcc98671c7d8976ec,0256ebd3-4f16-4fd0-91bc-b0e77fcd3c0d
,74bc701c9d356e2a084e275509ddf15214c23813,f3dd946e-cb75-4502-b550-9dec04bda7f9
,5b5332e79aefa3b913d42a434b8ddb09b31b5b2e,3ff00d27-28c7-4770-a1c7-855a072843fd
,d71af418eeb9f5a68062929bae12af74773ffcb2,4c562775-121a-4c25-9f7a-823f54d0e93e
,2b9d65579c65c2e29310632079accbe7be2fd5ab,10ff739d-ef5f-48b7-9454-9cd1c6d2434d
,9afba7a488f027ee7e46405623d05c07ffc21a16,3837ff2b-82e5-4165-8900-b069c31ef3d7
,2e64c17ae0799e3995e927ec46b31e03ce26aa76,b55b50b1-aae7-47a7-b042-8aecc930073d
,0442b04b4e8741900b65de0721f0c3e152e044ef,c85dfc25-bcef-4719-9997-f41ad334d998
,fa459de6552f5cd0cbe28539c0c7c65bc112a164,d7907408-25bc-4816-a81d-4e0f2f6482c8
,98637661d9c5d9a6b749ed596b96e2d1fb1f9be3,7654260e-79f9-45c5-9663-d72027cf88f3
,cff7b1b98da6de583bf2d5ffd496c2e6d70a794c,376732f4-ec63-4b76-bfc8-bbf77119d852
,f7dccb8cb2e795b9a6d882523b316aa2930b72ad,25eaf793-6674-4a6d-864f-6c8ae5428912
,6b9f26445f5620746689b91ab451f997b391724c,1123f25d-add0-4c9c-8f43-c877aab90a0b
,eceff752c3f87c9120ecab4fe63a960bfe330b9a,b1ee6f13-7776-44aa-a2d5-b79deda2aecb
,250eb86ff0fc3694904e25006e7a4416b9fe08c2,b83b14d5-4e97-4f22-85e2-0b30dfa042f4
,df590925f034baba4e18e586642d43a2b6e23046,c40f4908-60d1-42b4-8890-380119178833
,7d2534e27d25c3e860890852fefe62e85c5e5f42,5afb995f-87ba-455e-bd26-86ae67a10447
,f04a9db024afd57bf3cba3e1c9028e8d2f6f3f13,c2ff5df6-f2f4-4573-a884-8c53979d4c78
,6d96f946aaabc734af7fe3fc4454cf8547fcd5ed,5042fe05-b1f6-41b6-8092-53294b52cbd6
,e8b8c5f4a81e11576ee2c74ab65c66a42bbad270,bb718fdd-6d66-4f93-851b-08eeeefb28f5
,67f8831944ecc502ce74c761bd7ae0d929b5e2f8,0efa120a-36c7-45fa-b534-597651ae69d2
,b12a264640c86c4b0fb1abb5ea24ad605e84e705,019d3f59-a115-42e3-bd7b-474dd4246499
,7fc5859635b8779519698c33168256fd99ac3741,bedd754b-5faf-4eff-8074-3c90be8ac9b0
,536c08a5dbcbf75c14541fb15cbde4db8385ec7e,0256ebd3-4f16-4fd0-91bc-b0e77fcd3c0d
,818c9fd2df1229f962af3c50ef493e8633433fb9,f3dd946e-cb75-4502-b550-9dec04bda7f9
,4e5f14131db1dada5eab8c5d4bf1317e611bb107,3ff00d27-28c7-4770-a1c7-855a072843fd
,349cb135f4f4216c58d000f12bfef8db6390c602,4c562775-121a-4c25-9f7a-823f54d0e93e
,429c25227c2225447fd3bf3d17582a19671cc872,10ff739d-ef5f-48b7-9454-9cd1c6d2434d
,cb56121bc38e0f4b44bcb5296a12038626152e96,3837ff2b-82e5-4165-8900-b069c31ef3d7
,dcdd7b809849be54f82876137ecca7404e7f9d27,b55b50b1-aae7-47a7-b042-8aecc930073d
,60bb74f29f44c6358e6157153b5a6d9cd7bcd868,c85dfc25-bcef-4719-9997-f41ad334d998
,52e2d4299190d1391ca92794e9e708b5c4f6463c,d7907408-25bc-4816-a81d-4e0f2f6482c8
,638f10c6cc396907b98424621f6420a4287d342f,7654260e-79f9-45c5-9663-d72027cf88f3
,19bb52bec8b5ced3175f4c3ef1b8fb7027cc5ff1,376732f4-ec63-4b76-bfc8-bbf77119d852
,3859aef8d52ef1bad6351ec25c4fe4009b184689,25eaf793-6674-4a6d-864f-6c8ae5428912
,8eb0968804d13b84a3950b76fc4f5f3768b471eb,1123f25d-add0-4c9c-8f43-c877aab90a0b
,16b0744424f02e01fe2f01b3ea03e2862f1359fc,b1ee6f13-7776-44aa-a2d5-b79deda2aecb
,39afec82e60d44f003cbd15e85d892b6fc5016e9,b83b14d5-4e97-4f22-85e2-0b30dfa042f4
,adc180e1fe404b650fca3bb7970e43bdce34a611,c40f4908-60d1-42b4-8890-380119178833
,abd3c6854f05cef54d1fbe74ead145e77619392f,5afb995f-87ba-455e-bd26-86ae67a10447
,97156d041b6cae2095dd29d76e24e0017a7ec799,c2ff5df6-f2f4-4573-a884-8c53979d4c78
,5de7babaeb9c67c8e79a19f3335b651700719f35,5042fe05-b1f6-41b6-8092-53294b52cbd6
,ae551d49e07e257ae78531371739eacdf9a5fe88,bb718fdd-6d66-4f93-851b-08eeeefb28f5
,59eccbeeb7bcd72925247559513be157fd68a802,0efa120a-36c7-45fa-b534-597651ae69d2
,1976c9eeccc7115d18a04f1e7fb5145db6b96002,019d3f59-a115-42e3-bd7b-474dd4246499
,07ae6518908df65f028106213877c1705ad6692d,bedd754b-5faf-4eff-8074-3c90be8ac9b0
,51a66bf3e76cd0457f7533a9449c3410fc72bf4f,0256ebd3-4f16-4fd0-91bc-b0e77fcd3c0d
,dcbd4a20c1b636376b0818b89943e9087f2914f3,f3dd946e-cb75-4502-b550-9dec04bda7f9
,c091d3b62283cecb205f5e4af63e677166bf281f,3ff00d27-28c7-4770-a1c7-855a072843fd
,72d3ddf1f7210d7e70144bbc09f770ec411fe909,4c562775-121a-4c25-9f7a-823f54d0e93e
,46d71d947231f86e1f9d4581e61212385debbe14,10ff739d-ef5f-48b7-9454-9cd1c6d2434d
,2e461882b8f55b11efca5edf74c1a1b40e404075,3837ff2b-82e5-4165-8900-b069c31ef3d7
,80fd8b366a25977d44a23efc75f20222b4e46ee9,b55b50b1-aae7-47a7-b042-8aecc930073d
,71aa2175f1abc1745e4a8deb7356d0307a7ca64f,c85dfc25-bcef-4719-9997-f41ad334d998
,8d3e4d0ea9f81d045387bdea68ac38dbbcb54c6a,d7907408-25bc-4816-a81d-4e0f2f6482c8
,7caf67fec572c532056f941d7b03811e5eebcb1a,7654260e-79f9-45c5-9663-d72027cf88f3
,0a7dd279ee312c9ef9c6fe04cd6f4f5e974abae3,376732f4-ec63-4b76-bfc8-bbf77119d852
,a23407b19100acba66fcfc2803d251a3c829e9e3,25eaf793-6674-4a6d-864f-6c8ae5428912
,3bf89f38b238dd2d4ca4870e6b1fb28dbd136c84,1123f25d-add0-4c9c-8f43-c877aab90a0b
,9aa530783226dc392f570207e90f32cee8b20b96,b1ee6f13-7776-44aa-a2d5-b79deda2aecb
,ade6d1a34ce18c333f531bf430118c5963a2f260,b83b14d5-4e97-4f22-85e2-0b30dfa042f4
,a4b6f802b3f416fb1af6d723e0549c5e6d34faae,c40f4908-60d1-42b4-8890-380119178833
,53834f0ee8df731cf0e629cd594dce0afaaa3d97,5afb995f-87ba-455e-bd26-86ae67a10447
,fa69e5e6d21650daa286ed936af9c53d1aca00df,c2ff5df6-f2f4-4573-a884-8c53979d4c78
,aede98ccae969f508bcbb4ce57b8eee5cf69f132,5042fe05-b1f6-41b6-8092-53294b52cbd6
,fc9051185b4879606ed006d00055940aee4da5e1,bb718fdd-6d66-4f93-851b-08eeeefb28f5
,5549a317454b8314f585a6c13db39664c76686d2,0efa120a-36c7-45fa-b534-597651ae69d2
,13bc458634865e23ed8ecd54473a34e705f7da10,019d3f59-a115-42e3-bd7b-474dd4246499
,8e234be4cdc34ea8deba609c31858198ad941797,bedd754b-5faf-4eff-8074-3c90be8ac9b0
,6ad9053940676fca029dabdc7937e5d854df61e0,0256ebd3-4f16-4fd0-91bc-b0e77fcd3c0d
,bb44d1472bb281c699ef556f6eb6ccc66889f2d3,f3dd946e-cb75-4502-b550-9dec04bda7f9
,5fec3cda0d994c217c737c10b0b7e56d4574edca,3ff00d27-28c7-4770-a1c7-855a072843fd
,b14c291d99f32580fe987c20e52a248c62838e68,4c562775-121a-4c25-9f7a-823f54d0e93e
,26c075104d0ea1177cce4bd2d5c5d9eef93b8a3b,10ff739d-ef5f-48b7-9454-9cd1c6d2434d
,3e02906da7498b5fdbc6f0eea4b6bb9f2d86dd00,3837ff2b-82e5-4165-8900-b069c31ef3d7
,33d54858878c14923035ffcbc018b7128170a1fb,b55b50b1-aae7-47a7-b042-8aecc930073d
,db74560c19183b2aa0be90b6d6e263dddf91f339,c85dfc25-bcef-4719-9997-f41ad334d998
,a418d8fd1cc0abb34cf131d81723bc5da8817c93,d7907408-25bc-4816-a81d-4e0f2f6482c8
,77c4a58c801f233400e71ebd2591df62345f3616,7654260e-79f9-45c5-9663-d72027cf88f3
,17e6076b6761788684434d1e14e85e8877fc0146,376732f4-ec63-4b76-bfc8-bbf77119d852
,798e312dd67798024da74f9a8f92946af88c7cd4,25eaf793-6674-4a6d-864f-6c8ae5428912
,7ab84ca9b72ae064e1c1a23ed439bb1a717c5185,1123f25d-add0-4c9c-8f43-c877aab90a0b
,97232c7bba5bef3ac970bf82966a8ea97cb4fa14,b1ee6f13-7776-44aa-a2d5-b79deda2aecb
,4b2b0821d9d6c9535f4f1aaf80b1e6be79a3ca3e,b83b14d5-4e97-4f22-85e2-0b30dfa042f4
,3aa1b70fdc97ae96091c5fb39cd911015ac5253e,c40f4908-60d1-42b4-8890-380119178833
,d9a984e15b1a86a66ecbac9e66d458dae4cb616c,5afb995f-87ba-455e-bd26-86ae67a10447
,eb9272596b20ca3e6b4483c639280671b39065c9,c2ff5df6-f2f4-4573-a884-8c53979d4c78
,decbd6ebdf8c0e008f7f2a74ff164910f5597c81,5042fe05-b1f6-41b6-8092-53294b52cbd6
,ab8ba0f2d290a8e56eb61e10027d0b2e57d2d544,bb718fdd-6d66-4f93-851b-08eeeefb28f5
,c2d7f7428a81a18fb5269dd548755fcb1d6998d3,0efa120a-36c7-45fa-b534-597651ae69d2
,b1d8a4b5f0c1788ac9a431f9c50a174e3cfb9dd5,019d3f59-a115-42e3-bd7b-474dd4246499
,38688e84d2009d885a39a6490f5e78fc4c13c6a8,bedd754b-5faf-4eff-8074-3c90be8ac9b0
,90fc44ddfc0a4e43e317699e16c5123429b58cf6,0256ebd3-4f16-4fd0-91bc-b0e77fcd3c0d
,5637a5e6cf3a858a8adc17efdf714ce21dbe1a2e,f3dd946e-cb75-4502-b550-9dec04bda7f9
,b88fd0a029c4cc229c1331d8d85444418d0b80c8,3ff00d27-28c7-4770-a1c7-855a072843fd
,2ced07a295025f46ae51efa0a61679815c0866c5,4c562775-121a-4c25-9f7a-823f54d0e93e
,07b58c8bb6b9084fba84d464f5324b7933720665,10ff739d-ef5f-48b7-9454-9cd1c6d2434d
,5076d4a29581a986ec08e5c48cac0d6f3b2a1f3c,3837ff2b-82e5-4165-8900-b069c31ef3d7
,aca92bbbe7ebc8b6b0f272aca209ac5a027222bd,b55b50b1-aae7-47a7-b042-8aecc930073d
,d6801d0ffd08ba56bccfa01884bb6a126f99de2e,c85dfc25-bcef-4719-9997-f41ad334d998
,60797ccfb655cc1678793cf16ec787f73816cbf4,d7907408-25bc-4816-a81d-4e0f2f6482c8
,8df1903824290707e09ee754f3c40d90b088d65b,7654260e-79f9-45c5-9663-d72027cf88f3
,7599dfed1de67c726f9e4fd372cc9ef03d2cf3e9,376732f4-ec63-4b76-bfc8-bbf77119d852
,7dbdb4209626fd92d2436a058663206216036e68,25eaf793-6674-4a6d-864f-6c8ae5428912
,fd3388199757c081f45ec4c02b25cdab84076935,1123f25d-add0-4c9c-8f43-c877aab90a0b
,500b73ecdf8ff5590718edb03367e3836a368485,b1ee6f13-7776-44aa-a2d5-b79deda2aecb
,70fe060c12b3f100148d1a2be1e8f4254022543e,b83b14d5-4e97-4f22-85e2-0b30dfa042f4
,922e773e471430f637d07af4f17b72461ede8b7c,c40f4908-60d1-42b4-8890-380119178833
,a7352bf3b88df27f0d0faa9d7ee7198a8b304c1d,5afb995f-87ba-455e-bd26-86ae67a10447
,69cfb48c45b59243d60342b796dbac35e9efd6bc,c2ff5df6-f2f4-4573-a884-8c53979d4c78
,f7f505e4984a8a60f4d7c3aafd4ad1875913fe2d,5042fe05-b1f6-41b6-8092-53294b52cbd6
,b58725d3935d36685e4002b6a522fdfbf9d8e2a1,bb718fdd-6d66-4f93-851b-08eeeefb28f5
,a98753021c6a076a5307f4dfb7fd1fcb14089910,0efa120a-36c7-45fa-b534-597651ae69d2
,b52db9e41e15f76bdcfbe674abe0314af545c430,019d3f59-a115-42e3-bd7b-474dd4246499
,acfd9ea27a4183cc6ae1d74998e2e1e0c9e98093,bedd754b-5faf-4eff-8074-3c90be8ac9b0
,8cb6c2711afd3e504400ee12d3b582cc06348b08,0256ebd3-4f16-4fd0-91bc-b0e77fcd3c0d
,d07e640a48da232cd3a49c039273f7e91a0a9b20,f3dd946e-cb75-4502-b550-9dec04bda7f9
,031cbbc628c6d83e977d24f05097130ee5ad945b,3ff00d27-28c7-4770-a1c7-855a072843fd
,aeede2d75d7cb3e10bc3b732a897ca1a7bfc12c5,4c562775-121a-4c25-9f7a-823f54d0e93e
,9a7508c7aa498cb738d3c16d35e06a662168106b,10ff739d-ef5f-48b7-9454-9cd1c6d2434d
,95d559c91d01e28450653847a1d682aacd324ca0,3837ff2b-82e5-4165-8900-b069c31ef3d7
,164fcdf754254d03a20806aece85aff8489e7e4f,b55b50b1-aae7-47a7-b042-8aecc930073d
,54f4ef17f6b7a315260e001af85fc8b6fc1d2a7b,c85dfc25-bcef-4719-9997-f41ad334d998
,9b54c9a7d2060f800961c2f9195fcf5408288f17,d7907408-25bc-4816-a81d-4e0f2f6482c8
,2b694677da99739df582a93bb7e6ca9a92aaf0fb,7654260e-79f9-45c5-9663-d72027cf88f3
,f6c5a2a6cccae1db5f0a753946a2e89d7d22aa5d,376732f4-ec63-4b76-bfc8-bbf77119d852
,243d553f1fc5b7ee8cfb6f49629f3a0a32b2c5c5,25eaf793-6674-4a6d-864f-6c8ae5428912
,b6d20892f150ef8bf9ca6a7db4bcd4a4e0c9552b,1123f25d-add0-4c9c-8f43-c877aab90a0b
,9ed09a07aa1e4a2010a16e687b56f12f4e7df58f,b1ee6f13-7776-44aa-a2d5-b79deda2aecb
,f5f4a0933cf097fb14ab84ca295b1bdfe01f97e0,b83b14d5-4e97-4f22-85e2-0b30dfa042f4
,4b8c870140a70aba606ebe320fd0be7ebc4abaa9,c40f4908-60d1-42b4-8890-380119178833
,402fac84b796104a63b7f917307347040fa616bf,5afb995f-87ba-455e-bd26-86ae67a10447
,7ab055436895b106e5a82e910693539b9877d884,c2ff5df6-f2f4-4573-a884-8c53979d4c78
,f968cdd4637e7b26ca6c057a2f7f593b8cea2d18,5042fe05-b1f6-41b6-8092-53294b52cbd6
,c369c9a40a36b013be3ef9c19a068f2d6578e4c3,bb718fdd-6d66-4f93-851b-08eeeefb28f5
,56a13467a3cfb7a9ec00b7f3ed5e953324225233,0efa120a-36c7-45fa-b534-597651ae69d2
,174f5142dc4709da03f6c3bd7b6955b08c9762f3,019d3f59-a115-42e3-bd7b-474dd4246499
,f9e74ce54eaa219b08333f9c129a736dd0619863,bedd754b-5faf-4eff-8074-3c90be8ac9b0
,a0ff514a8a64ba5a7cd7430ca04245fd037d040c,0256ebd3-4f16-4fd0-91bc-b0e77fcd3c0d
,30cb5c2906115873a4b9fcb0fc099a10f30465cc,f3dd946e-cb75-4502-b550-9dec04bda7f9
,584af7d56a7247b9ad5a399d99b1eb0a2c8f6586,3ff00d27-28c7-4770-a1c7-855a072843fd
,e72c49c059ac9926cc7e25d18971300f7ec2feef,4c562775-121a-4c25-9f7a-823f54d0e93e
,bdbec0c80b73919a656125bbd32f71f602980706,10ff739d-ef5f-48b7-9454-9cd1c6d2434d
,e9e5549b839e16384300229e2b93c46a9635040f,3837ff2b-82e5-4165-8900-b069c31ef3d7
,c0b1eedfa2031a69fbdf02a4abc8a741faf6a912,b55b50b1-aae7-47a7-b042-8aecc930073d
,8df72c48a7ce4418c683c4dd9bb300558ac71d47,c85dfc25-bcef-4719-9997-f41ad334d998
,60add4035c2b6d4b9888cb1028c31e6bed793d60,d7907408-25bc-4816-a81d-4e0f2f6482c8
,54cf44503876c4a0c4875aa6f0dff837f0e17f39,7654260e-79f9-45c5-9663-d72027cf88f3
,da692ee969d9c33986196372c3f7cb87fa6b6f8f,376732f4-ec63-4b76-bfc8-bbf77119d852
,fd40e458a67f9a3854834fd42b66b0d6ed43ab8d,25eaf793-6674-4a6d-864f-6c8ae5428912
,851a4c4e9d9bf8f023bc4cd29e023e4c43957b7d,1123f25d-add0-4c9c-8f43-c877aab90a0b
,7b1d8dfb9e6260685d9fbb8c41bfc0a35710fe41,b1ee6f13-7776-44aa-a2d5-b79deda2aecb
,251c272eef27fed72dd4e4e07c202f20e6dbd55a,b83b14d5-4e97-4f22-85e2-0b30dfa042f4
,1cf4a6954b419b5478c96119fc1e79aa90f87dea,c40f4908-60d1-42b4-8890-380119178833
,3eb5f2d152ead21ce528f9781c66197010eea3c8,5afb995f-87ba-455e-bd26-86ae67a10447
,76eb8e5688ee2951e5f04fb14956abf93a890149,c2ff5df6-f2f4-4573-a884-8c53979d4c78
,ef83866e2aa9e807bb4d3f07456fd9ec33b79f8b,5042fe05-b1f6-41b6-8092-53294b52cbd6
,ae5d6372cc21a2938b7602fb0f903eedd6d27eb4,bb718fdd-6d66-4f93-851b-08eeeefb28f5
,e28d1aebca9fcd36d0a23b494b9dfa2ef8795277,0efa120a-36c7-45fa-b534-597651ae69d2
,38939d0abd688e22113561d4a7aad94638ffa8aa,019d3f59-a115-42e3-bd7b-474dd4246499
,088e404fb84c0dc1a5c77724705e04b7872b1e01,bedd754b-5faf-4eff-8074-3c90be8ac9b0
,659890e52fe234cde0e02a2305e213d3e8cb14b2,0256ebd3-4f16-4fd0-91bc-b0e77fcd3c0d
,bc29d088920f171a9013cb7e936cde34f3ba884f,f3dd946e-cb75-4502-b550-9dec04bda7f9
,abde3d703d5fa39af43f69cd4eeb1b83f85eb4c5,3ff00d27-28c7-4770-a1c7-855a072843fd
,efca2a32ce9c7a808c2c3efcc2c3dac032dfc8ea,4c562775-121a-4c25-9f7a-823f54d0e93e
,4bd970a37c59c97804ff93cbb2c108e081de3a37,10ff739d-ef5f-48b7-9454-9cd1c6d2434d
,687e00a5fec7d747d18866f60b7a21973e80b04f,3837ff2b-82e5-4165-8900-b069c31ef3d7
,75264a58faee7b29b72ff329951d7fd353649da8,b55b50b1-aae7-47a7-b042-8aecc930073d
,08a02c91597115e4dad97950adf01804862ec049,c85dfc25-bcef-4719-9997-f41ad334d998
,edca4813d7da7507ff5a8a89e6c0481f8967ac84,d7907408-25bc-4816-a81d-4e0f2f6482c8
,969f983d000ac68ca77548b5bba2e8d1b89086c4,7654260e-79f9-45c5-9663-d72027cf88f3
,c50dca78e97e335d362d6b991ae0e1448914e9a3,376732f4-ec63-4b76-bfc8-bbf77119d852
,92a46efd598cd478bccddacd8703a254bfc885b0,25eaf793-6674-4a6d-864f-6c8ae5428912
,1ee0abcb8f0afd74d602255d529d7c2a036a8f02,1123f25d-add0-4c9c-8f43-c877aab90a0b
,3d0e01922b2bf5ef53b8e7fc0885ab1f80a1d945,b1ee6f13-7776-44aa-a2d5-b79deda2aecb
,7bdafc53f96f0282c17b082a41b67d76cb24d957,b83b14d5-4e97-4f22-85e2-0b30dfa042f4
,c5c00002b3adf106219bc6b31a7a5cd9f998168c,c40f4908-60d1-42b4-8890-380119178833
,6f18387ee1b3533126d5d1e0dccc1fa1c81c8e17,5afb995f-87ba-455e-bd26-86ae67a10447
,c48e015debf92bd6a02354a8b3b271c440ec56dc,c2ff5df6-f2f4-4573-a884-8c53979d4c78
,7980cf24fca6dd9314c11537ff1596c36ffc01dd,5042fe05-b1f6-41b6-8092-53294b52cbd6
,f322e882eec09709f7f7c2d7824722509b79f5e9,bb718fdd-6d66-4f93-851b-08eeeefb28f5
,1a1f3d8045c1efbaefecc30c89035705ec10ba73,0efa120a-36c7-45fa-b534-597651ae69d2
,ef2704b8e44692c7f6430451434af64df913d575,019d3f59-a115-42e3-bd7b-474dd4246499
,d15c7f4c9eff3f5f1583a4ef3ac1c4fd88caf972,bedd754b-5faf-4eff-8074-3c90be8ac9b0
,36e3cf186ebc510800fb6e217cc8edae93fbf4f9,0256ebd3-4f16-4fd0-91bc-b0e77fcd3c0d
,16b8b3a7840e9b61756db16097e2a8b1d18b8bf6,f3dd946e-cb75-4502-b550-9dec04bda7f9
,8ea48934b6f6a0717efb4e5355be3b008fc5b1bd,3ff00d27-28c7-4770-a1c7-855a072843fd
,88ca84ce36ddc1bf7b6593b7f73fe2663e2365ad,4c562775-121a-4c25-9f7a-823f54d0e93e
,78aab73ed574393ab421f25b3a0e3f7343e64748,10ff739d-ef5f-48b7-9454-9cd1c6d2434d
,259d81ced1837bb74f3eeeb30ca3217d535e0c31,3837ff2b-82e5-4165-8900-b069c31ef3d7
,2e5701b71ccf3352b30b584c2e48fdc307376385,b55b50b1-aae7-47a7-b042-8aecc930073d
,3e502fb40768c140ef24ea742a212c263f380f71,c85dfc25-bcef-4719-9997-f41ad334d998
,6ef57ad9b72635e53f07dad114f8e231d02155cf,d7907408-25bc-4816-a81d-4e0f2f6482c8
,e9b90c75c5c99353a43cbf5e083334a59e50cca8,7654260e-79f9-45c5-9663-d72027cf88f3
,7b00a2ae0c927a3d3dd875dc35f9a777d74a8f3e,376732f4-ec63-4b76-bfc8-bbf77119d852
,335848cc7da51a26126c1fa255bd776a6cff8c03,25eaf793-6674-4a6d-864f-6c8ae5428912
,d7385eb4c0482f4f224b591419b18da094f3c729,1123f25d-add0-4c9c-8f43-c877aab90a0b
,73799d9f998feb583c9e2a0ea42f419952a41f04,b1ee6f13-7776-44aa-a2d5-b79deda2aecb
,b18fb48c8004faa30e786b2d762d0a438a4573f7,b83b14d5-4e97-4f22-85e2-0b30dfa042f4
,6bc77c4dc6075ee81c05f0f5f43e44b2a34a5876,c40f4908-60d1-42b4-8890-380119178833
,250718af678dedb2938775f9ca6fb8601749778a,5afb995f-87ba-455e-bd26-86ae67a10447
,c637b74814bd5049323bb6bbf077875a3282e02b,c2ff5df6-f2f4-4573-a884-8c53979d4c78
,c04aaf36c8587e40747212e316d9bf44186ef64a,5042fe05-b1f6-41b6-8092-53294b52cbd6
,86eb0f1db702010306107007e25c5a991bba7240,bb718fdd-6d66-4f93-851b-08eeeefb28f5
,a68f8e1f7b9f4144049537c766be3faec5b54786,0efa120a-36c7-45fa-b534-597651ae69d2
,569fa8f129e33c09529bc28fa8d3fbf2862a7257,019d3f59-a115-42e3-bd7b-474dd4246499
,d6af6a19d83e2d4164a91e2362c4603b54470390,bedd754b-5faf-4eff-8074-3c90be8ac9b0
,bdf8787c9aa949043f866116354e8c8fbc4d5f41,0256ebd3-4f16-4fd0-91bc-b0e77fcd3c0d
,236c874bad9845d2750e9579d0c23a97c71f4cfb,f3dd946e-cb75-4502-b550-9dec04bda7f9
,0f6d06e5e321698682c31ee07e25d76d03be6e52,3ff00d27-28c7-4770-a1c7-855a072843fd
,fb3082412509fb50cb5a8b014b9eddbe6e5002cb,4c562775-121a-4c25-9f7a-823f54d0e93e
,455416dd3b2b34786cda6ce86740a6357a787ff3,10ff739d-ef5f-48b7-9454-9cd1c6d2434d
,dce4848f314d1bc4eae80ea5efd1390654a4c341,3837ff2b-82e5-4165-8900-b069c31ef3d7
,30d6f200f8b4bae78dbb4f69f1730bcad131d523,b55b50b1-aae7-47a7-b042-8aecc930073d
,5f1abea9244e76cab265dfc83cb68226ea381df6,c85dfc25-bcef-4719-9997-f41ad334d998
,683bc72f18d2eede7d4c46c55537cbce63a47f62,d7907408-25bc-4816-a81d-4e0f2f6482c8
,96f795889e761f6eb0b4601b5803ed48294d6930,7654260e-79f9-45c5-9663-d72027cf88f3
,710e084ac6089f7811929a915fbe8286acea50f0,376732f4-ec63-4b76-bfc8-bbf77119d852
,6570ee5bd1656fddbdb030410a9d996739586067,25eaf793-6674-4a6d-864f-6c8ae5428912
,c07eca9862e0144aa4c0c29c7978caa6eff60e2f,1123f25d-add0-4c9c-8f43-c877aab90a0b
,ac8db14cbc7ad0119d0130e88f98ccb3ec61780f,b1ee6f13-7776-44aa-a2d5-b79deda2aecb
,62f5ffb09a4c9543509c38f005b9c6eb308c6974,b83b14d5-4e97-4f22-85e2-0b30dfa042f4
,86c35680190dcb1a040243927e98e4ca08f8d80e,c40f4908-60d1-42b4-8890-380119178833
,9883e7c5b130a8cd9656bce0cfe92de27e63b67e,5afb995f-87ba-455e-bd26-86ae67a10447
,8801ce73bea0c97f2d35f5e3bd4f4fdb49698461,c2ff5df6-f2f4-4573-a884-8c53979d4c78
,4f2e84f1c5ea7a0d5d8ebfa12a78a869f13d7b59,5042fe05-b1f6-41b6-8092-53294b52cbd6
,73a254f05fa694dc11a5efc5a033a8f1a4c84fd0,bb718fdd-6d66-4f93-851b-08eeeefb28f5
,11ccf3b72b6689e81b0f218a0ea26bb6154944b9,0efa120a-36c7-45fa-b534-597651ae69d2
,5935e5460b8aa62a41e2e29a6b92dce95b441fb1,019d3f59-a115-42e3-bd7b-474dd4246499
,061c3291d817076dbb3e5a41c51f99800a390e94,bedd754b-5faf-4eff-8074-3c90be8ac9b0
,651e43a8f88c15e13cb4b1567ec7828410bdcb34,0256ebd3-4f16-4fd0-91bc-b0e77fcd3c0d
,5c06b60a6940df55271fe5917848abf7ab3ca706,f3dd946e-cb75-4502-b550-9dec04bda7f9
,972edbd8bd19486a37c0a9f34508634fc8733529,3ff00d27-28c7-4770-a1c7-855a072843fd
,9f5b65929d14447a77063ceb854660b5f9f8ad05,4c562775-121a-4c25-9f7a-823f54d0e93e
,0d6b4182d465f70e359e30372e550121a0fc94b0,10ff739d-ef5f-48b7-9454-9cd1c6d2434d
,c082ccfcfe1afc696e371374146ba9380b84061e,3837ff2b-82e5-4165-8900-b069c31ef3d7
,5a765bef6d657595066d66c173ff228bd01a3627,b55b50b1-aae7-47a7-b042-8aecc930073d
,37095b714dad5895d946b1f8435a3a38dee1be8b,c85dfc25-bcef-4719-9997-f41ad334d998
,88fc814fc568fdfa4704ba2326eb623e95621bec,d7907408-25bc-4816-a81d-4e0f2f6482c8
,2a6a9c939c2abecf4c7acb7d9e439f0e53e5f399,7654260e-79f9-45c5-9663-d72027cf88f3
,13aff185e35503491bf40d7e2c6219552f462031,376732f4-ec63-4b76-bfc8-bbf77119d852
,12748e904f5025ca1757ce49d72cad3878e1be8f,25eaf793-6674-4a6d-864f-6c8ae5428912
,e12b5363078a6d435bfba80e9d5cbab6b2cac897,1123f25d-add0-4c9c-8f43-c877aab90a0b
,211fa2a12c8d55053fbac1f75f41e8d7aaa79f83,b1ee6f13-7776-44aa-a2d5-b79deda2aecb
,05859c8d47b16ce84c817c16d29ad6ec9d1d3a33,b83b14d5-4e97-4f22-85e2-0b30dfa042f4
,a83bfe8999ba5f6c4baceb03e7a212a9d3b18e00,c40f4908-60d1-42b4-8890-380119178833
,b579ffbd6bf615be06d97f954710ad7be34abb53,5afb995f-87ba-455e-bd26-86ae67a10447
,14911a345e4b223d1bd756e317a7410983c28c68,c2ff5df6-f2f4-4573-a884-8c53979d4c78
,796d70a6eb0428ae19f1187ae1c81185d4ae6701,5042fe05-b1f6-41b6-8092-53294b52cbd6
,22837fbb237260d74ff3a5754a1ddb55577e1250,bb718fdd-6d66-4f93-851b-08eeeefb28f5
,2a58d13b5934eadc7b4d46869d7593059922e2a1,0efa120a-36c7-45fa-b534-597651ae69d2
,804b3bbc7e5b9a14d446ff9f92236652cf1b1c72,019d3f59-a115-42e3-bd7b-474dd4246499
,f7b91f04795c4fc1449587d9c900a3ec6d39d79a,bedd754b-5faf-4eff-8074-3c90be8ac9b0
,bc1b7919b0a78f792edcf2cb3abbd082518b45c2,0256ebd3-4f16-4fd0-91bc-b0e77fcd3c0d
,d4fe4d4f62b8f14a0475bc8f8028a0d3565650f9,f3dd946e-cb75-4502-b550-9dec04bda7f9
,977fe5853db16e320917a43fb00f334456625a1e,3ff00d27-28c7-4770-a1c7-855a072843fd
,69114cb58049c3b06ce012cf41d493d2e947b6c8,4c562775-121a-4c25-9f7a-823f54d0e93e
,e1a50831ee71998ca4c577bb996e6353c5eb2d4a,10ff739d-ef5f-48b7-9454-9cd1c6d2434d
,f2e614adc8a6139cc1f5c725365bd132df4ed0a7,3837ff2b-82e5-4165-8900-b069c31ef3d7
,a4b2fcd91638be1f98b0b49036ddf4b9d4aa196c,b55b50b1-aae7-47a7-b042-8aecc930073d
,ca50b8cb4e34aeca0df18b060911ba28dd79ef90,c85dfc25-bcef-4719-9997-f41ad334d998
,442d88cde81ee9560d660d2dd66db7647bf15154,d7907408-25bc-4816-a81d-4e0f2f6482c8
,64a78fb55ac928fc8a902640a8cad0618f42fcee,7654260e-79f9-45c5-9663-d72027cf88f3
,ceee6447b291f8052a28c9eb00ca360d6f39f9b1,376732f4-ec63-4b76-bfc8-bbf77119d852
,7c4a9643c701c0c91ea50fd587038f79187a0a5e,25eaf793-6674-4a6d-864f-6c8ae5428912
,2880478c793e500c42f4a0cf06d5036f0061c0bf,1123f25d-add0-4c9c-8f43-c877aab90a0b
,da4ab623477d041c1944a66808cf38740e913a3f,b1ee6f13-7776-44aa-a2d5-b79deda2aecb
,8ea2e1fc1fe8367627d868980a9f6bc4ca88d57a,b83b14d5-4e97-4f22-85e2-0b30dfa042f4
,03514ab95768a2f2c2eb7aaf441707e5759c2425,c40f4908-60d1-42b4-8890-380119178833
,075082cfbedfe3161d15354b31859ca59dfbeafb,5afb995f-87ba-455e-bd26-86ae67a10447
,e3f2391513693647e0ea87bfa86cd89e468f51d0,c2ff5df6-f2f4-4573-a884-8c53979d4c78
,311e4108de154ac0d60c4b2e9b66ed543ac69e2a,5042fe05-b1f6-41b6-8092-53294b52cbd6
,90152dddf7c83f0d8d9ba95c48635cfab1016cbe,bb718fdd-6d66-4f93-851b-08eeeefb28f5
